sequence	16S_rRNA_Count	metadata_NSTI
012fd906263ae98fa1e0aeae235e9510	1	0.802076
01526cee3fdf7ad501533f8e79cee802	2	0.042956
017213032a7a4e78be651d3e02fd3513	4	0.321045
017b82a4722188c130fadc4ddf15be0f	1	0.005308
01ccc9f9ab02df58812600468f9de4c3	1	0.236357
01d2339e33c53dfb3e90191f8706855e	1	0.283966
0221ac31aa16e6e6b7d213958446adeb	1	1.835205
02626b339b82d1085401667d702c9ffc	1	0.528668
029a724311054af606fb9072f47cbbb9	1	0.275444
02b6a4e76404aa80af20252ab6d8edf5	1	0.248138
02ec4fe076ee71a55f438dc91ac645ba	1	0.32719
03827d6322ebbc35fd780b2d59d01775	2	0.070532
03c9767edaac5ecee0a0bb25c0fbda6d	1	0.140642
04be702b895fe5ed0568344daf564276	1	0.062581
0524fe2272760ca36fba73e82ad77e74	1	0.016181
05d2e6f2c8c334be6e9cc652426165da	2	0.314801
0615eff74d0f2f3c25ad85862daab20b	1	0.327138
062ce343b799626f07c788c476cb9186	2	0.068106
064791d92071ba6a21ef57488796dacb	1	0.815073
064ad1ad889da847966bdb0600059b99	2	0.236712
076457e2c7128179ea6755249b641f23	1	0.182767
0782fdaa348dd6fa9b80eae2b6333388	1	0.175797
07d6098878b38771be900a15269acf09	1	0.367404
07efe1dcf1b2ba7f941f4c2632ae6957	1	0.136728
07fe146a1e0df90b9381a567078cd960	1	0.185479
08ba5933cb112eadc3c71de7cef9d029	1	0.829076
08ed17794e8af08e5f0fb28b4e415a5a	1	0.116162
09782ed04138ce2dfa093f0f435b204b	1	0.227305
09dd561731c0af24b96cc0ba6e57ec9b	1	0.194764
0a25a8dcca0dcc62ce66d46bfddeda5a	1	0.182767
0a3f05ad4a67281b9b6560ac3076aa76	1	0.912835
0a9640c9475123ce8715a72ce95037ad	1	0.209866
0b7aa89f029b63c62ebdbbe793c0c65f	1	0.396423
0b89881c3eddfdba2a3e1f418496b200	1	0.577404
0c8683fd3867df9e82c58f1c26e6a136	4	0.357628
0d6662ad72a9d229df0cd39a5352cb6b	1	0.260408
0d7dd2a18a632a2029783912f515a73b	1	0.614139
0da03528d09c7777b72cdb2195beab99	3	0.162467
0da613e8d89cfcdeaa139caf8f2506f5	1	0.266989
0debac7bda0e8a1808ee18f1fa0fff95	1	0.145931
0eba0dfaf3894d0cb8ae783668b2816b	1	0.187336
0eebf22536faa70d10968eb4972b2736	1	0.030074
0f3d5ab93a1bdff74c4c3fbe0ad3206b	2	0.016576
0fdcb15125926008f79a128031b3448b	1	0.199346
1099950f329f9b0cc24b900fcc0a0d89	1	0.293744
10cffeae66880b9c81b6248f39f17562	1	0.118283
112adc0ffa68eed2345db733879b40e0	1	0.241493
114d2848dc929d1a26b8bfa252235155	1	0.145215
1183cea45066e2b1d63ee62f59a4d069	1	0.190309
1194d18ebb458c31461a27b976959000	1	0.40377
11ea8da3179e422f7c55632508ff7ef5	4	0.509183
11f677d62a3ec0969a65966eb7050c7f	1	0.219835
123e8afb142134d5ba98230fad9af166	1	0.207477
12f86a506e45fc587b5b643030d5b629	4	0.514144
1427410368a7fecb6d56d735437d5ba1	1	0.098431
143d26e50f457d01671a14213d117218	1	0.428467
1499e5ab221fb759ce2d3763ac56b759	1	0.167779
14bbdef7888394af48a13ea2bd927db7	1	0.245016
151e42d762610156c1ecec31f8acfa87	1	0.507338
15a00c122a16115d832cab88e5a4a918	4	0.596302
15f9cc80e07dea12aa7f52aaa52a749e	1	0.510727
160efa2a41c4cec475f79506e42374ca	4	0.330205
169426fb63cf4456256ca973996ac586	1	0.113589
16c6f384c3a28228f7b68b1154c7feec	1	0.241493
16cd2aac20c25e86ac42480fb9d61b14	1	0.789649
16d389a6f02ef11e7016e1aadc83f261	1	0.723497
17ab34201671f799caffcc3d27b70a2c	1	0.134646
183fe7e529396a44d1650b3b478d7314	1	0.160186
18884cbc0f457899b5467702b80f29b2	1	0.847649
1996e1aa486e155bae39e6865a49c191	1	0.236357
19d1ac8febd7ed7dcecb8d12eb4954c1	1	0.084619
1a1f4973124dc9816375efc812ac2a21	4	0.255086
1a4aa7c6e548084c519369e2661255c6	1	0.055176
1a54657afd268b0d7e1d5893d79ad619	1	0.209866
1ac26d21ffae184b4aa30672114cac5f	1	0.147019
1b1866acfc4e964443f0a1ab12a7216d	2	0.447521
1b1d113910d331f5ff136ff118ae0258	1	0.241493
1b51626e808a16839964bc946cea6daf	4	0.29423
1bcc8306e8924428b96b4731de22e4cc	1	0.227968
1be897ba1ae9fde0a82ba4d0c71f159b	1	0.19824
1befc77b7e0b0f10dcc5881704e9db92	1	0.081976
1c6bc1a18afda1dc4316e54d7cecab99	2	0.092414
1c92e8da0f4c5f73d3b4fa51588725d7	1	0.172876
1d279a1860327ae774e3796a6bb14a9b	1	0.192247
1d38c507dc4df6a761f9eb7fd995f157	1	0.397232
1d42257239e8407396cd155b16ad2a3f	1	0.740862
1dcd69ae1c723546e7f87854061452f6	1	0.255641
1dd262d9d575ef6578f11013578935a3	1	0.055261
1e088f9138870333c0385bb506f3f8b0	1	0.648862
1e1143b781d6fb2c3c607275ab84f2f7	1	0.357258
1e4a25e88c4c547b41d40a6f630c3896	1	0.076269
1e7899bf6421f1f36b3a84fdfe5e1bfe	4	0.279382
1ef8eb325e4c5613e7c5d580951f6217	2	0.508826
1f001c2c28e0efe142b711ae98db6335	1	0.02342
1f200ef50380f90d7630860660aa1a2f	1	0.356391
1f78872e14ef66392dbb931869c134ad	1	0.042157
1f7fe50110d76705b612812e25966029	1	0.196354
20f78d29e3b8a9354bd440d0d1316e34	1	0.418405
2173688f3c2254db2cf905a6c350bf79	1	0.016265
21a1e0c27c5db9fe1d5d9cc3a7a044ea	1	0.215637
22b84641981d2389b1938b0e5dbdad21	1	0.034318
23389a84b5739cc81c733bc0db2d22a7	1	0.139212
2338e16dcfef0e1b5cb27da81fe59664	1	0.00015
24c4fc8d92f312082431066119d04204	2	0.776432
24dc8767676a9e8ba6de699f80d24e7a	4	0.72784
25362e54b2396a81f9e113419dd98905	1	0.741846
25a192f0b729be243d04cc593fdfccce	1	0.024456
25f70f12e551826633afa8769428f90a	1	0.164882
2600eb1fc8569dc356b031c82a282aa0	2	0.496517
26672648de2181a2c04ca33e88a1afd1	1	0.013103
26e23794e07c317178b6881a0521e3ce	1	0.413403
273314edefe5cc51abc11266f8d0c074	1	0.311667
2734cae6fb1193b99fa501d6168b273e	1	0.172594
275f5d7388062a98d2bdce0dd59bfd7d	4	0.419823
277fdf63cae1ed08041a21be01b91953	1	0.113245
280bb2b566730f0f4789993ca17ff357	1	0.580633
280cee65d2c6f4f04cb4c12450e0ce84	1	0.388331
283bb90bbef8d5eaa4ff6fddc6725806	1	0.562527
28c8823588cb4b3946d2de7685605e61	1	0.842534
29ba1135e5ed248a64839a8571230863	1	0.072061
2a7a5cb9153f70133cb37251e8374117	1	0.753393
2ac69717065b96e5ac45137ad1c725a3	1	0.446641
2b036c10ab6b64e84b22b84711aef6ef	1	0.651857
2b7c0068298ebe7bad8d7debd9795f6c	1	0.409416
2bd2f1b380bc3255d4532f30690431bf	1	0.244224
2bf06c9a8754351bc68c7fefd8b6151b	4	0.49279
2c3a5409306662337b339e7c79e65dda	1	0.062644
2c72272f87ad3fb1bb14bc3c2477a2d0	1	0.44283
2d16b7f72c11e9b2bb521f49193629ec	1	0.00015
2d23d5207120d2a9f97aa5863ef04387	1	0.3958
2d257553a6e4a29d1049474d2805c1fb	2	0.00015
2d54bddc534353d4747ec1ffe430dfd1	1	0.192655
2d7cbd5bbe37bf0a7e96d6a1029236ac	1	0.091118
2e44846592a14c5147ccb92700a49a77	1	0.806164
2eb2b317e3106a477a34836339150858	1	0.055423
2f2b710b6e43a7e2e0d375c48d9c0c9d	1	0.293982
2f3367988d9c042e164281d72e718b9b	1	0.331434
2f37f6dfd5a9e76f2de09f6b7c189a6a	4	0.890792
2f84e0f713ad12b7f80d875da9bd194a	1	0.198231
30df889925fa7e6e7c2cb1b2d2ce8b45	4	0.293295
3111f9924447489571a8ab8981721b20	1	0.20656
31d6aa6610ab0dcb62cc7c884fb6d15f	1	0.165696
32833a4c9aee19c697d504bb90cb45da	2	0.512099
32c2759f0dd9ff9d0820daa70f8f5012	1	0.08468
338e6f8d061eb6d15b4464f42ba41b7d	3	0.183367
33ca47e9f0205462bd8ce281f2ba04df	2	0.497428
34153e727eec04478be507cc5343405a	1	0.149149
3422b9ae8482a9d14c0c6fdca9b608ab	1	0.170408
348e85fdde75503a9c70539e268160bd	4	0.505993
3566069e568a445eac1cc7eb548f79f2	4	0.363349
356da847aaba77cabf4595d038fd2b68	1	0.224724
35a3793bfe7609c7fc9f902a17aaf85f	1	0.103172
35e21dd72be7afa8f7dc732852eaa935	4	0.389327
363f843a8c637fe3e3bbc5de02733fe5	1	0.68386
36e3241bea3768e4123c414f63716333	1	0.303664
36e7d485787d726a0e16bff74100463e	4	0.428196
37044cafc044a11885b013464c542d7a	3	0.127407
370745f4994532cbc8f85559ac466cd5	6	0.117581
374fced2de6dd515a1a3b1bc551e96de	1	0.6682
37f201fc1c3d0347425aff977b59966a	1	0.274025
38ed7202efb87e3468f28422c76f6a86	4	0.255687
397e544c44b9ba06015ca6352cff347d	2	0.3495
39ca424228e2fe8224a68252d7c1dfc5	4	0.303585
39eb4d3fe8af4312ca2464ba2f4c0166	1	0.165047
3a44b2d738787e926e9c65457ceafe77	1	0.358054
3af1ce1958d93626781ddb08138c1555	1	0.187525
3bf444ae891a8eaacb3203ca1760e075	1	0.205485
3c118102f97c7b184f46f5a5328dafb1	1	0.167779
3cc95b4e921d346d6cd11e2c74d528dc	2	0.473635
3d3b82b078ec8acbc61ecf0ed892de0b	1	0.209866
3e30d599c689f3356023ab445fe36eb0	1	0.114448
3e6595ac31223c240b2c73f2061d36d5	1	0.66788
3f46b2bc8f3d87c25b777b0c7945fac8	1	0.760816
3fa1ee424efcd2e25413a80335310d63	1	0.382422
3fdecf19232f899f07783c6b46092604	4	0.336508
403a6ac50d66a24d8c79e92972cbbb90	1	0.754365
40b6b949c5e42b864ea5782bd4a43968	1	0.129185
4114b7b263ee2d2a9bad28c67a843e9d	3	0.609118
41632864d52fe7b93113df78081cc4e2	1	0.238655
418516f907a044dc4a050a956456a790	1	0.198611
4198bc0678289afc0831795d2a84cbf6	1	0.630422
41b3129038117b7c9e14dda9ef77dbd1	1	0.013588
41db16c6a1283c169a5ee756951c5dd9	1	0.333047
41fd2b938a586046060e0e7aef256239	1	0.278707
420d881a84e6d4c4cb39df539c091fc8	4	0.260852
42690539aa399c812b99bc18ad34b6b7	4	0.498701
433825ff409a5a1f3942dc18cf044c1b	1	0.487847
43c0fc4c910b2b2e814cc513fa1216cf	1	0.352515
43f9a946f7131f61842f933579052866	2	0.467542
4493e43c6ebf1a3f28f4d12497eb4698	4	0.07245
44ae901157d54424d8ae08e9a9ae9704	1	0.68561
44bd1efc8d03b8e1153d643564b15e9c	1	0.087501
44cae38ace30f54ee81cc5c5b2ce47eb	1	0.068948
4576b43e6b018f7b1f62eb9802d179f8	4	0.51276
45ac4dd5ac6a33903b3fae14faff2115	4	0.266636
45e1a91277b9e60c848b17f6d3f818db	2	0.068753
4607b7404b3f99f59b4e415b329e7a6f	1	0.183819
462b8f1780130500d37b2256e177b1e4	4	0.552793
46564d59d3c490d0845a3519e8379869	1	0.380001
46c4bb9712e0a90290c4cbcf56d860a3	1	0.181379
46efaedf0b7cefe9460531c9c6364bd1	2	0.00015
47244f9384887abc2c7313e0ab7fc4ea	1	0.021233
475b206b5a66ff74a0bf4ac3a0e6bc0b	1	0.40377
47cf03a1d7cc50e2b29ecef29f36e820	1	0.619647
48205a6d596055905fa0dbf9ed794863	1	0.320074
48c9e882b29135c86dbd16bc9e6946a5	1	0.209866
49d100f9906bf4d6aeeb9472dc402f89	1	0.385622
49da2429319bb8bab3d9139319699d74	1	0.108853
49ef9259c2311579bd3f3f9fb115047a	3	0.183367
4a381e3446c64651b44ec50a250817d8	1	0.387531
4a5ca2c1b01a086ac047342cae74a6bc	1	0.140642
4ae778fee19dbfc68145878b4ab296ec	1	0.221387
4b0ae96ba7d2990898244875daeb029c	2	0.516847
4b2cc6806d84fe7aa0a80569014c09f7	4	0.479518
4c2da45e460a2cb09b961edc7cdd3bb2	1	0.236357
4c58adf77739e2e77c30556ea55b2d32	1	0.692549
4d24f63a4ee56e1d36b9143f8609c04e	1	0.577498
4dfe3eb93ed9776d8ea7e0681ed1f9b6	1	0.17852
4e2630b73e34af7d8844ba855211b1a0	1	0.013206
4e59c0041d4c780cbee9e361beb8fca2	1	0.081476
4e5dbd89de2ddd68d6e4d327717bb6c6	2	0.132725
4ee9c1b57eb6f789cb2d57c4cb2f783f	4	0.327228
4f766035212579d0ea8e0b1b795ed8bf	1	0.079092
4f7c3af6e8663b0870f0ed5d16d9e49a	2	0.044232
4f8f23e3992e5e15e8033515108217de	1	0.025416
5033b6951462e70ee6301ce9c9ebe8c5	1	0.209039
50be19a8d2830242681ea095a3b01b5a	1	0.155335
5105f91b1b28ae7ee4dafb34c84c8fff	4	0.285634
510b4a5f48086701416ab699f4056bad	4	0.306871
512898f314cce3e1e8a8323c36fef6e1	1	0.182767
51b3e51d2d8fd6795294c65064c93eec	1	0.057614
51dbca22f7469bb00e4379845bc1fb83	1	0.148894
51e2f60e2e3871c998d391de0caac8bf	1	0.812238
5201655aa9cf2f7ace465410a878f312	1	0.767192
531ab4c63ec669ee00972774562309de	4	0.261077
536c260407b5480c266a72004a8c6ccd	1	0.48404
547f80f193a2881abc9f7026b92ad352	1	0.005246
55569d0a471f84ff78ebf6cd42f083bf	1	0.013625
56ccacfbbe8f56be55f3740e1f106abe	1	0.167779
571f85b5db8d7d352c500e3097160aa1	1	0.343361
574947bc3b2c96ddd1c1752046ba01eb	1	0.364163
574b5592d3f088b14174abd838866651	4	0.510875
57a2780152d4c79535f9c71d21c87db8	1	0.156978
58038055caa314c384db91ebb63e2902	1	0.150595
5848f6c0f80056b2150a449b5f38b3bd	1	0.128135
5869a42e31899d7780629f0716109cf5	1	0.241841
58cb1f714adaedf60dd49adf273eaf59	1	0.066242
593d065c43a666a4107f3b14d3181bfe	1	0.242994
594e2d8eb1e556986abce909e8b09ffc	4	0.357975
59d1a85628793ccb23ab44f255226b15	4	0.306404
5ac019b3b36d7a79722a10ab043c4bef	1	0.142883
5c33db7c460ec1200192e97fda0dbb2e	1	0.282503
5c47bef8f5da9056d79608d94aec1606	1	0.374371
5cbf0b2efd8f80a169ab74ad33079e39	1	0.192465
5cccb749e8c283919cc185f2e25c8565	4	0.289612
5d06951cab74f080ed1f8581c7cbfdf6	1	0.704023
5d2f0d410604218eab1553c0ba95e87b	1	0.389418
5d3041aa731be2695ce5893b43076e02	1	0.769459
5dd973a030569248ca96ad682787eeb0	4	0.296441
5e17a5cb4962111829d5a3162b84253a	1	0.140642
5e59e92b5203cf88b45515feb4dd90a1	1	0.92793
5e61e1707fb2129594d211ba454470e4	2	0.044674
5ed5a1891a09adf426bf256d58494dc8	1	0.038516
5f5ca726fd3f6d6e6a1b3f6811443574	1	0.733374
5fb94f804715b4d90f191c413efef44e	4	0.07245
5fc6f86d85f03ca7537c25730cfcf460	1	0.214172
5fc798b1df3bcda5e68c5d88d8d39402	1	0.241493
600c9f3de23a5834c65cdf6b56a7c81d	4	0.225175
6010509f0fb5b3456410405a3ab013bd	1	0.285573
605c17c16f33905999869770413b1a8f	5	0.044446
6166cd8b69d6af6ba6e209d4d4f839eb	1	0.275732
6216ac91ccb6fcb35c42af895d76fca3	1	0.129509
6260bcc30e89c8a76a19a1856119c587	4	0.259647
633986f25dacddd71be7f93667c0698e	1	0.140642
63a54eea7fab6fa833b58a42c8ebf1f8	1	0.179889
63afd5222bbcd2d49e083f44f9da3aba	1	0.140856
64849bcfdeafe20a484dacaa977328b3	1	0.209866
64ec23bbacc27e5722f89417bb862c68	4	0.317517
654c629392a9dc666b681833938d785c	1	0.512686
6653c92dc7618280b132aeae2a9291cc	1	0.079873
666fefaeb47f3141846c043009098eb6	2	0.017555
668316497189c0c158711815de76dec2	1	0.453852
683aada938c65b71b6f281012d0d257b	1	1.015223
68d030b7e708ecc13d8f3cec5de977a4	1	0.834706
68f8f7604872a6d4fed9b2b43064aee4	1	0.080987
68fa6eb93675602681b474cb0ce9048b	1	0.141862
692908d9e8dc244214e861f18774ffb2	1	0.083825
694f413b53b76692d2bf1cd02091399c	1	0.038855
6b34d59835b77db6bc62c89c1eabde0b	1	0.377153
6b92c0dfde94e01d7eb99d2054c77497	4	0.246861
6bf2840673de7a07c6136b4d66f9d325	1	0.00015
6c1bfd075db534f844351ffc0b8d4f6a	1	0.167779
6c31248aab400bbb31133caffa277913	1	0.127704
6cb3f6fd935a831537c9052b9a4284e2	1	0.209866
6d26cf14a267d2be14f2c5c6524e3f84	1	0.090984
6d94ad7799a01df0a525a125c6246f7e	1	0.321665
6de89a7f3f4c4935de7823e5729416f4	4	0.550004
6ded34f7b682053ff5b9b7e4ef929a22	1	0.09817
6e019166f485dbd32194a2d44edc4df1	1	0.209866
6e408cc3ba68e93a8d2a36d67381d445	4	0.259163
6e4d95842a0cae9e21b538e8ed99b34d	1	0.12296
6e68a3370037593908fa7837d0d66c81	4	0.57591
6ec2b2eb686d8f62db101849f0744d6e	1	0.095268
6ec37daa396eb7394e7958cbaebe668b	1	0.459844
6effbd2be9f793ea5295f877770c51ed	2	0.068767
6f196f110f8f466aab948250105bedd7	1	0.304142
6f9ba20837b8830fd396b63636074215	2	0.361304
7063183370922c8b131fd30058593501	1	0.063704
70ccc60eef16412b7023c4ac6641f6cd	1	0.226102
713be73748483aef292180e9d0cc0210	2	0.060783
72bc22315544a201ede9dec6af150e98	4	0.265315
74a161fc1e467ad0d4aa28d7e35f7479	1	0.497857
74a4886b0aa290a2fa8ca0d908b2f912	1	0.140856
74b35ae658465e7512c2b61f7906c907	1	0.134264
74bcd29b01bcbe0d1abe1c5e26eec0e8	1	0.361773
7604f4f89594f923ac1cf31a38880c5e	1	0.164882
76130162b8af1cec6a2efaffcf0e9154	1	0.209279
7643e215cbe9703dd7abe9d4488265b3	1	0.192623
77c25cf90fc6b99d02c4d1f242803ee8	4	0.372476
783d1e50542235ebffaed7e3cc5ffd6d	1	0.382591
785a624a55ee5dab4966dfc4d63e7a4d	4	0.241951
78719309d76cb95f30db21b7eff615c3	1	0.077408
788fa73da2d45445a6055bd634945d43	2	0.247257
78e755f22b31aebfc49ec971c9e25f82	1	0.184717
7966f669971b26c2d74342a85e4c3880	1	0.167779
79a9d2c3929074a416360f2c49d9e818	1	0.154733
79e3e1a15fc3c30b2c6b9b0a46830a5a	1	0.20656
7a171e8173fb3b2eebf9da24f94c4882	4	0.489428
7a8561bed18f71eaf74b43d4d92d2176	1	0.007684
7ab0f5fd995b7d157e375b1520f8c635	1	0.135434
7ac5d6c23412507ac3b32e6d205c1aca	1	0.370212
7af3bd38f0f164d41ea3c8afa361ef51	1	0.16269
7ca8e4ee1186c7392d160a7dc543b6de	1	0.069573
7e0317f7ea7da7ba2121b612bbee1602	1	0.199346
7e3d9240b698c6bf8fc56676d35a7151	1	0.145448
7f6014bee7c27dce9aa46dbe30ee4351	1	0.249787
801703b9ac2077fb6039e27673fe9250	1	0.20656
806700bc9b7d560422f7c164b3bd8e6d	1	0.255641
8146deefacadef2055916d06c19a3abd	1	0.045131
81d39a75c4b6f966a8d4e03decd37b35	4	0.190097
81eb81acfe3c3b0fe1b0359689c88151	2	0.075144
8234b5d702df430c632de9a72590849e	1	0.335826
8281a4e3d20ba7701d1b22bc6a5cc274	4	0.27519
83060f4da8b5d59469fa63dcb7fb9ae4	1	0.205429
8383a9394d839568543ff7a5decb1956	1	0.209866
838d0736efd9295506133747708054b9	4	0.32534
8400b734c4ae6e29f117f0898c88e998	4	0.297959
8431ce797c88c8ae073512bf2145e2ae	1	0.044852
8475722b5af046e39bbcf71852911d88	2	0.109895
850fc8381d6fc19a74e163682a3c65f4	1	0.120765
851e5232eb7b349147288db209486f5f	1	0.14697
853cddc1b946f0d43a0716ac206af2bd	2	0.07743
8570b079ecb551d3b852a2decf2f34f6	1	0.022817
85ed3d8c30f1cf7ad10a011d18724cab	1	0.179853
88176c6a714b06d688c7281005f30f8e	1	0.372907
886286b87bf39aded1a0a1fe156b4122	1	0.167779
88ee1afef4d1eef84df08ed59359d002	2	0.261751
893084e9acd8dab780c2194205954fda	1	0.260966
89a6c15cf31792ba04d17860e9492227	1	0.377712
8ae299fe8aa39820660e7e6746ff1aae	1	0.203785
8bb80798528ee07dc94c4a66868cd392	1	0.186244
8bee12c45f4dc4dfc7ade55870939c3d	1	0.182767
8c8cd1cc4122ee8bbed77056f0065457	1	0.171933
8cbb635faeb95440eb5b52abe134ac3d	1	0.005307
8cef63ffe031742d411b2cf7039528d9	1	0.288734
8d0c34bb6dc7de3524ce44b28eb15257	1	0.299673
8d78ce934c43a8b36ce2c5ab4318a192	1	0.112444
8e8d8626220eac1ef6f7fb2080aa938f	1	0.179889
8e9e6e5f622f9a4a5196e7eea6fa6d7a	1	0.823882
8eff78d0b5b6f6333392c4f9148cb540	4	0.503642
90070bdb717e07254a704e23de24e334	1	0.28537
9066cdf0811ee0e606b6f0ef73860609	1	0.209866
90fc910ad1434734b1e55c6a5c7ab9eb	1	0.198594
9171265989ee178c441ad28afbf9dffa	1	0.148321
91d440a73841493d3eb3092b020e3319	2	0.660746
92c3e9828b72f5125d67007e640f2785	1	0.436638
9323bba95371261842328729e8a5c2fb	1	0.290953
939ebd9bd7a6eae4062b93537a84c65d	1	0.186445
942c85a5ce30e27155622d82ef326bc2	3	0.33003
94ef16ff9afb7eb33a92518cb4c063cb	1	0.140642
952c1fdc4c8295d4742b25f65e8c514a	4	0.283774
95d3dbd617f91106ba8cc3bcb26f8d9b	1	0.341829
96603dabde822238f48c2994b45788db	1	0.706176
967238c58c08cdaadb0d9beb32588307	2	1.338838
96f1df5356b17e2d4b6eefc878357fcb	1	0.000101
971577d146be3b80cdc7fed9a7ef1533	2	0.034455
973360718cfb0d1806d43527cb25adb3	2	0.041733
97ccb7279e702b364b30af7401d483ef	1	0.798903
987e547ebf8cab92d43f1d4dd99e0552	1	0.251851
98c96cf1a8d4ce090682ec03dc56cc0f	1	0.113294
98f02b7aa870b3d271333bc9660db91f	1	0.832929
98fcc7e4135d41152d2db711de5c1255	3	0.049479
9a9f34bd312afabc037651632ab4294c	1	0.184611
9aa6b6dc6d70c5e763d47a4353144107	1	0.34247
9b3495085364f87a3bbadad3fe0fe52a	1	0.652942
9c27410265c4c0f8558f6d01a3282755	1	0.359371
9c7bd185ed83458005e4f6cfd7f9a096	1	0.832345
9d1231e9a3e3361b978bbff3c3b158a8	3	0.183367
9d5e0ad5255570159134088975331f19	1	0.14433
9d81ad3b3c4fa998c967ca91c2278849	1	0.365825
9e194cf62ff1a0452c4436c017a595a5	1	0.44422
9e1ac459c5d8f5495b61ae4fd3ca3f27	1	0.080669
9e7125a102db8951720ec539b4e78113	1	0.027389
9eae7c99eef0776c8920ba9ab0c2b8b4	1	0.032713
a08e51322ac5413f32389f362e518aef	4	0.288307
a0ed3c259f6fceaaed3ef1b212339fb9	1	0.050452
a18f63fbb021cb27d0fa3fe66101b7ed	1	0.667453
a1a801fa7a6a810bcaa95b672cc45d79	1	0.48356
a1b177320d5a1f43a414ff5bf50d6490	1	0.182767
a2219a9d615b767a7a93a2d7973dcc69	4	0.338306
a25f3714d9c6e1182774b9f1708c264b	1	0.118839
a30e6cf2f96f909077895294fe9cdb23	4	0.237237
a33e83f023ba5e1cd862d4fb4860c07b	2	0.140159
a395edbcb5a5d2fdd42e3a3baffd555d	2	0.524209
a3aea2eefdb2882f03e08556a089f85c	1	0.766625
a3ff16ae7ca90d2955fac77ebffc08e5	1	0.221387
a47b4dc7cfdd15e4a610732ce5d2a494	4	0.290718
a5b1bb2d17ef157e0f0dcf77b0276bd7	1	0.102107
a5e2f15ca16051f06368b83adff956e3	7	0.528512
a61f45cdf31d948cfec00ccb21bb98f1	1	0.243905
a6bde860f1975c36c1c92f76851a0c6c	1	0.198738
a6ec8ace9ba7d81d66cdb368ea2981b7	1	0.091719
a71cdb983f4aa92f7986bbba79bdf852	4	0.274785
a7a3757df1cc2c6c776b071cc2bb45e3	1	0.011689
a7c079da939ab8ea89e4b4531c4e0588	1	0.145512
a7fa662426ce3e2cae4b02bd81dbcd35	1	0.659421
a83260ae5efd41945859904e88a99c81	4	0.495506
a8c1c05eb02c629d48ea5650f8f49118	1	0.25494
a8eb3e86e896febff5f3e223f84ba94b	2	0.055596
a98806e7219f134139c7c08cb513dff0	1	0.04519
a9a0015052b629976dfce94f3aa37c1c	1	0.338769
a9e655b715af0d6d1678bfb882216f1e	1	0.246929
aae071649568194b47df46feee11da03	2	0.718653
ab44862dfbb39d25dd3f5f93a63244c7	1	0.188165
ab562aadf89a7b6e0439c1309aac25c4	2	0.739412
ab710f55903115ee90699942c8c803b2	1	0.167779
ab7e99e2abf0e0abe74672af0eeb2dd3	1	0.616893
ac1a97cb6ef73c044b75b06c16c343bc	1	0.995132
acc18bd166c367b52d66b8300fe75431	4	0.381423
ad7fef1eb05c4d800c4aa48761a6cfc2	2	0.309052
adf57f5765096438bf7bbd04326d627a	1	0.135434
ae36f0cd816a360f704fc02e23d77b28	3	0.00015
ae3f6629c79d8e960dec7e51975b0a3d	1	0.093501
ae7f6b4b755c6bbd1eea0fe8a466909f	1	0.820793
af10a138550c12fd6312e6db89d4a813	4	0.306715
af8d8c5035e2e91ae2e5f55c67224a88	1	0.021817
b029c3969abc11b1fc37e198e5cd264e	2	0.231365
b05cb6d606346e0838a1658e7f5d81cf	1	0.030074
b11d516ae81b6b7b860daa2be226649a	2	0.353994
b14865baa1e41907fdf5844a8be6ca38	1	0.263832
b15d7a4b2fbf7682696a9ba03f953641	1	0.017745
b1bc415e9c5d9d60f5e4dca30d4da9b7	4	0.298729
b20b8aa4bd244d965316a278875a1469	4	0.250865
b21bbd9f9a9ee207b793d76c06672371	4	0.403908
b3dcc0fd3cd0c82ded1f95e29eb47ffe	2	0.666238
b4cc321368085c41af257f75e83793b3	2	0.016007
b4ec94217791dc0bab580d4288ade796	1	0.224358
b529c8dda4b277b828ebe9b9bdc087bb	2	0.075828
b58ea03fe3dc853f990238ff6e026e16	4	0.350036
b5cb8a7e242db4016e15c5bf0943a9ce	1	0.809992
b62296fda4210afbee8b33ffff02a04b	1	0.241493
b6635d67cb594473ddba9f8cfba5d13d	6	0.038671
b6c1a8ba78f65c4a4e96627ccc53ac86	1	0.044144
b6f5a4399f6bd346ea7f591db5595a02	1	0.178334
b7409db20419d9921bb75f9b0129d9ad	2	0.007886
b8aac847144c04285bc3bb3f60a2782f	2	0.076891
b91b43523a9a623c12d1f6d81fe9109a	1	0.180318
b9b10828ba7f31fb7ff57afdcdcb097a	1	0.209866
baab695bd57246eb38ec8cbe91b87b20	4	0.241833
bae39ec91c3bbfe88c9a61bdd9a3cd0a	1	0.252125
bae742fe04fbc970339d15f8be7d5d0e	2	0.516252
bae843c436b8cf33023622fdcf2fd7c9	1	0.272887
bb6295910294ee12c63ceb279a77862c	1	0.086592
bbcfe9ddd51ab083d446b0bb03f59068	1	0.363029
bbf314ff5ed38dd900afce7ad8750a10	1	0.149379
bc5355f3a294bc01a50e64cd8fdd2151	1	0.388331
bc870ddc91fc262ea74d6247a1d07076	1	0.071061
bccbf865db1bae1077517bd21170722d	2	0.062849
bddee504424cb052101e5a151585d733	1	0.094139
bf049c9a4193cfd12d1742544a6f764c	1	0.183831
bf3c0011f140eaca642a4816236a5897	1	0.604494
bf62a4ab99a8241d5a7c8a5b395c9bb0	4	0.37445
bf72f1454587c6b069dfa8ff3e42ff84	1	0.120099
c0028e84ca13284d9d090359d70675f3	1	0.186322
c049ceac629663b633fcfb00df36d77c	1	0.572407
c052a9548dafdb7e60155e80657eceeb	1	0.182297
c08d56a2152f3584bc080b7234a0c6eb	1	0.227205
c0a472775f09ea4c7c8618c1cccaddfd	1	0.19573
c0ced053b7bc5a9f80a2def2ff5d208d	1	0.35956
c129a59d5e98f814e0d02634b04f88d2	4	0.311477
c1a63e2da7ca4e2a04fed8822dee335b	2	0.504553
c1ed9ef4fcc459687603cc299ad66f57	1	0.111927
c398ca4d4866208a95890ca567be7730	1	0.238718
c433f31e4fe69a210d1081400785aa2e	1	0.145036
c4fb58da9aff3c83c971c488ebd3cb70	1	0.264238
c625a1db96ab91c4bc591c0964ad2e53	2	0.038776
c68da04e2127a198e9df423c0f133308	1	0.333449
c7257bd17077580eef9a39f461d4106d	1	0.241969
c728a625f2af18289115ab4b7627ff71	1	0.75054
c76f665700ef7f180098d2f07e135253	1	0.314756
c7e9700eba384f1ae9d29e2a4225d3f5	1	0.021723
c80631da280c0bb3921d4fd9e2f163b3	4	0.272533
c8b7e5ee0a6ebe6aeea605224e9a491c	1	0.080468
c9505132018840cefe4e0bddac4d9bec	1	0.264375
c958cbbf678c72d81532c9524793133f	1	0.17114
c98a88d7223d51f3036702ae226208e4	1	0.064323
ca24aba12f71cec6b04f7c7bbf858970	1	0.014666
cb7b937fdccf682f018b57aa6b9d92b2	4	0.047933
cbcac742ee0fe0fc0887caec139df345	1	0.180214
cc317363688ee459f5eabf6de028af01	1	0.357032
cc317e92246b4428b3aee0ede910c48c	1	0.7715
cc835cc7ebc38d0e1d73df0367a8a232	1	0.221387
ccb2f7758da8224d78b4320a96557bf3	1	0.292858
ccd8d159fb729f3445532bc326600d8d	1	0.021278
cd33d521d1dfcb297336e993ca998d2d	1	0.080253
cd80dd1cd9e3c865247031431704a396	1	0.159268
ce186b1b765739648883b5233c15b2bc	4	0.308144
ce2c967a3c7bf7381e7ae5d2835091a4	1	0.226369
ce56a7072318d0d48b6d0cf11e232d16	3	0.124546
cedd868c934a96c93be6be397d6906f3	1	0.392736
cf027e595318e96b4d9b1f117910a192	6	0.458631
cfb74a6ad6ae05af94a1dcea08532ee5	1	0.024843
cffd8f7b44bd7d963294d60cc67092dd	1	0.079692
d0a152210e2ca09c67ee88a1b3a26ab3	1	0.140867
d0f41727c87529f0b22ed5754324f937	1	0.206777
d187bafb45edd127a9c101cb07c20e09	3	0.109597
d1b3c24bee11d73dd5a01f0747390e5b	1	0.397627
d202f3307c961e13204522d055c7ce59	1	0.221387
d216699703c6b92ccd7d442f757e4f73	1	0.182782
d272bf25781448dde9031a24679a9012	1	0.038641
d2a1963d56a6de56da5199954610f855	4	0.333553
d2a42cbb202318280734739d972f7978	6	0.045214
d2b123302fb5a94596cb2fe094c8dad7	2	0.259427
d2db856518fd766a454c3e2f8e8679f0	1	0.182653
d33d84f90d2924040cf2eb66c7abe2fc	1	0.000101
d45736b6f82debb4d08dfca41d6847da	1	0.101681
d47c3e0c088f9573cf1fef5c3a32b048	1	0.032085
d56eaa36a4b7bef8907a79d5b40dbf5f	1	0.674301
d585fd2188706c6e80793a7b50b3a779	1	0.437217
d5ec353771b0d1c54dfe52f2e2d9a089	1	0.246196
d5f054df843833cf00325882a9d6f8a8	1	0.080118
d69ec305e55c09fb5227943d19503f8b	3	0.045966
d6f6819315230e8d29170aa908269c34	1	0.077171
d7520dd99322ba43ae4332d331315af1	1	0.167779
d81e5971134008e59c9a6753f80f12cd	1	0.40377
d905189c7cc95dd740900394eacb4d9f	1	0.46646
d9f8c1e1d4dae43bf4e90ddea0712d58	1	0.016711
da341a94f4697dab148d34ccbdad9ed8	1	0.264902
da894e460bcf635cf1b20e0c9361a4db	4	0.245558
dae851685e5b5cce4b86f1d0f66641fc	1	0.185696
db24050d1b1c55d82cc94544698c3670	1	0.122291
db79c4d460a806bc26e762c2be4c76d4	1	0.391239
dba42fd5fa555c066ec22372dd68225c	1	0.140642
dbbe813b201ec15a7877822b79adb5b0	1	0.375939
dc9cbbd1b7de998b82fea899957ca40a	1	0.289848
dcd1ed4e7a5785653cfca1c50cc62cf2	1	0.282831
dd743437a8d4cbd4fae3e2274b64e7fc	1	0.088124
dd80586956db79d480f6a5cd69017286	1	0.209866
ddf507751b49961b729adbcef3eaf3c7	2	0.186892
de086ad2ea3d649a4a98cffd1c6d31a9	1	0.409943
deabfa9b86859ef2403b750939009ee3	1	0.00015
dee5f395664a71de3c2c34c4bfff411a	1	0.241493
dfa833b266bd2993b86feab3617b34c3	3	0.004893
e00af2fd551160e54cee46d7bb7cc763	1	0.253384
e014683cd1c94833812146d299696709	1	0.486484
e0b0a7ad510ead979385562710216501	1	0.572004
e12cb15d3f1ac7cc13b68f6324088339	1	0.241493
e175ffa8dcd0c86ee36d1cf2e0bb16e0	1	0.171933
e1d098412c88700cbd3c119e7c62f2ca	6	0.033064
e1e11bd34a38fa815033a3d66a912a2f	1	0.443743
e29c99f8a4c9617e4ea6e88c27f33c92	1	0.71584
e2eb5c0101662445b8fecbbc45b1c275	4	0.338666
e304bdb0262a6b1d89d61b74cb36e168	6	0.038671
e315aec29cb2e804509ed6df185ebb16	1	0.298179
e399a15427ead6c8a6557f052e0fcd32	1	0.68688
e3a1ce78be71c193d48a59ac3788a6fc	1	0.199309
e3a7e679803930e26907d816d2e6b7b3	1	0.316612
e41375bd06424fdf1659448e6416bfd2	1	0.118005
e59eee9966629f136b8a5a48c7e64728	1	0.803607
e64adc3e5db5e317355902efa6e1a28e	1	0.155098
e68232c813113acedf433f2403824273	1	0.032895
e6b05a69bc7fa8dc428caa3d409c9fbb	4	0.512184
e6d0647a222b16af885e120a1cdee720	1	0.258538
e7aa26a79f359504c44572a115aa826b	1	0.171933
e8aaedc4c0d09855711590eaae9f2da6	1	0.09069
e8ad6d88ff8cddfcfd8a4d724cee15e1	1	0.512512
e8ed0907c731eee94b9cf18c7d2663dd	1	0.216733
e94a9da4bdf2d1d6fd8b6216ea53a5ab	1	0.000101
e9b2dd709e597470d2d8ded16c2bad44	1	0.209866
eaa1b8f83e64d38c1a2d60a817056d36	1	0.195021
eabd41028b3b1a9535b2cfe48549ae7f	1	0.157646
eb2a1bdda09ad78fccd11bbf24d218ac	1	0.116953
eb68501e24a861edb62cad3324f965cf	4	0.246729
ed9b4b764e352bbceae25babfc6f6acb	1	0.164593
edc87298bf055f439613382eda59bb49	1	0.344476
ee88800fb63646d8ffbffb52664c9ea7	1	0.106191
ee906f614e4ebc7b3a733dddb7312508	1	0.588306
eef5233fe8f458a87e488b0141cbf062	1	0.086511
ef14bca2d48add8a0a2c6ed6d82df58c	1	0.072445
efd16e2812ba5e6e2dac44acccf7ca0e	1	1.118894
f085fc752da0d9f6b53bda5a3544d75e	3	0.075334
f17a432d453766621511d977f2055939	1	0.657166
f1af9421e9f77622ee75388247a564f5	1	0.317031
f211fa3ad27d25782d9e790b71e3d355	1	0.153214
f24661c2241ba01165750dce08c99208	1	0.3201
f24fb97f9535ab02ce6f7913c70cc0ee	3	0.123096
f29dd546a8a13a23d642556853baa9bc	1	0.31558
f30e34615227fb494c91d21f07600494	1	0.435682
f34fd15993e221eafdd334d97aebc8c9	1	0.253195
f367f1804562637beda20b5f0f1844dc	1	0.394578
f3af51f3f43889493bd30ca85a993721	1	0.462401
f4443734566f96c1ab12e6e5b28b1e9b	4	0.389058
f448b68d3f43ee04b9c47209ae186801	1	0.266989
f49b6dab9667b7929bb08a81b4d58ab1	1	0.148066
f4b946aa0c512befbc9abcc303de0c8c	2	0.481849
f4fac2a0b9f60fc53422f64f8e1c4fd5	1	0.182297
f4ff14d3f52ba2184c15467038504692	1	0.33448
f5210c9c83b265473ce108300278d8bf	1	0.149215
f59ee6e40c4438a5d32b2bd1e7a6c50b	1	0.400349
f5dc601245b2bf7af6d9592b78f3306f	1	0.256623
f615ac13e0ad288606206ef6e51ff00f	3	0.110642
f6ab4281ac86631132d95041834e11c9	6	0.086054
f6dff704745f31eac456a5be103981c8	1	0.058716
f7d0518f8796d07ecdb3c489994f856f	1	0.01826
f858bcb19c610e0187ebd60bda2d7c84	1	0.385679
f85bb0a7fb3c6424429c7c02dba024d1	1	0.808694
f864a9bb7b607fb3e1fa9c79b238c56d	1	0.103436
f91d3b38973a1fa96271b404adbecbbc	4	0.272868
f95f4498cbba179a0ee30f2ae73b98b8	1	0.331115
f9e09116bd536c0a53c6f31d7ded2371	1	1.205519
fa18371d7062793ea19a315790b69117	4	0.159161
fa56c0d5b7183160f19ad598b8c108e2	4	0.423474
faf31accab2461c7365cff2f5b58408e	1	0.193255
fb07aa62419f07119874d68515a83da1	2	0.469732
fb2395b2587180bb262f26c5bb10a5c2	1	0.136214
fc7bca7e6ec63b7d0a2f9cd2f566a854	1	0.168063
fd3f0ad2379a32c7bf86a3133e5b1879	1	0.195602
fde66059cf3ed856e815c98d66b562b6	1	0.260408
fe033ae5b9559770d1b4b40cfc3f41c0	1	0.192627
fe119f8087ac2c3ec65a74b29d92c2a5	1	0.21624
fe3932c155e9d06370740434d53dd491	1	0.281347
fe5f196fca47cf421dcaf2106ff627bc	1	0.506747
fe84fcb1126e45b77237b6cab44283fa	1	0.769582
fecf5a38dc9e203a485cfef20640d579	1	0.246929
ff4764132b8938ee8ba5cf5cd156be12	1	0.098382
ff651bd7b0bf6148e158f353fc40b47d	1	0.209866
ff74de69263e439518e4316d6d97440d	1	0.860764
ffa86e7079d7cb07f856b11c71beb5c2	6	0.187939
ffb64c1000d6bddd49e4d839ef69059c	1	0.185017
ffc36e27c82042664a16bcd4d380b286	3	0.010732
