"Kingdom"	"Phylum"	"Class"	"Order"	"Family"	"Genus"	"Species"	"Kruskal_test"	"Dunn_AD.AP"	"Dunn_AD.CON"	"Dunn_AP.CON"	"AD_mean"	"AD_SD"	"AP_mean"	"AP_SD"	"CON_mean"	"CON_SD"	"total"	"AD1"	"AD4"	"AD5"	"AD6"	"AD7"	"AD8"	"AP2"	"AP3"	"AP4"	"AP5"	"AP6"	"AP7"	"CON1"	"CON3"	"CON4"	"CON5"	"CON6"	"CON8"
"d__Bacteria"	" p__Actinobacteriota"	" c__Actinobacteria"	" o__Bifidobacteriales"	" f__Bifidobacteriaceae"	" g__Bifidobacterium"	NA	"0.0345016487490504"	"1"	"0.0738726027713595"	"0.0738726027713595"	"0"	"0"	"0"	"0"	"0.00362861093441543"	"0.00831911820424677"	"0.00120953697813848"	"0"	"0"	"0"	"0"	"0"	"0"	"0"	"0"	"0"	"0"	"0"	"0"	"0.000667408231368187"	"0"	"0"	"0.0205994982173511"	"0.000504759157773291"	"0"
"d__Bacteria"	" p__Firmicutes"	" c__Bacilli"	" o__Bacillales"	" f__Bacillaceae"	" g__Bacillus"	NA	"0.325546689351153"	"1"	"0.402271053157829"	"1"	"0"	"0"	"7.16614712100039e-05"	"0.000175534038681657"	"0.00015588845948801"	"0.000244516481602228"	"7.58499768993379e-05"	"0"	"0"	"0"	"0"	"0"	"0"	"0"	"0"	"0"	"0"	"0.000429968827260024"	"0"	"0"	"0"	"0.000407138494944697"	"0.000528192261983362"	"0"	"0"
"d__Bacteria"	" p__Actinobacteriota"	" c__Coriobacteriia"	" o__Coriobacteriales"	" f__Atopobiaceae"	" g__Coriobacteriaceae_UCG-002"	NA	"0.120314388400899"	"1"	"0.224117799936391"	"0.224117799936391"	"0"	"0"	"0"	"0"	"0.000234138086411381"	"0.000363038669217302"	"7.80460288037936e-05"	"0"	"0"	"0"	"0"	"0"	"0"	"0"	"0"	"0"	"0"	"0"	"0"	"0"	"0"	"0.000678564158241162"	"0.000726264360227123"	"0"	"0"
"d__Bacteria"	" p__Proteobacteria"	" c__Gammaproteobacteria"	" o__Burkholderiales"	" f__Sutterellaceae"	" g__Parasutterella"	NA	"0.00886506460050425"	"0.209769545695113"	"0.00671257404690273"	"0.640123584346515"	"0.00344216729702038"	"0.00202933445558621"	"0.00131916338241108"	"0.00117893367502892"	"0.000457635257619059"	"0.000266724184820087"	"0.00173965531235017"	"0.00383682220842972"	"0.0072047423620611"	"0.00137597267033593"	"0.0031285768790538"	"0.0029603315571344"	"0.00214655810510733"	"0.00313991459432303"	"0.000818330605564648"	"0.000292070291583508"	"0.00200791354160515"	"0"	"0.00165675126139016"	"0"	"0.000582750582750583"	"0.000610707742417046"	"0.000726264360227123"	"0.000288433804441881"	"0.000537655055877722"
"d__Bacteria"	" p__Proteobacteria"	" c__Gammaproteobacteria"	" o__Enterobacterales"	" f__Enterobacteriaceae"	" g__Escherichia-Shigella"	NA	"0.120314388400899"	"0.224117799936391"	"0.224117799936391"	"1"	"0.000208038848017828"	"0.000324509689639155"	"0"	"0"	"0"	"0"	"6.93462826726095e-05"	"0.000564238560063195"	"0.000683994528043776"	"0"	"0"	"0"	"0"	"0"	"0"	"0"	"0"	"0"	"0"	"0"	"0"	"0"	"0"	"0"	"0"
"d__Bacteria"	" p__Proteobacteria"	" c__Gammaproteobacteria"	" o__Enterobacterales"	" f__Morganellaceae"	" g__Proteus"	NA	"0.120314388400899"	"0.224117799936391"	"0.224117799936391"	"1"	"0.000161365104341934"	"0.000297871062697293"	"0"	"0"	"0"	"0"	"5.37883681139779e-05"	"0"	"0.000227998176014592"	"0"	"0"	"0"	"0.00074019245003701"	"0"	"0"	"0"	"0"	"0"	"0"	"0"	"0"	"0"	"0"	"0"	"0"
"d__Bacteria"	" p__Campilobacterota"	" c__Campylobacteria"	" o__Campylobacterales"	" f__Helicobacteraceae"	" g__Helicobacter"	NA	"0.017127624139044"	"1"	"0.0159970560476621"	"0.164342137984992"	"0.0120393754738167"	"0.00872273351837721"	"0.0194967585076696"	"0.0140204689998845"	"0.0438903770293735"	"0.0161808773384453"	"0.0251421703369533"	"0"	"0.0104879160966712"	"0.0266179540709812"	"0.00816482258679893"	"0.0143082691928163"	"0.0126572908956329"	"0.0205350414468726"	"0.00561140986672902"	"0.0342695808791316"	"0.0325400106301305"	"0.0240245082231538"	"0"	"0.0625880608083055"	"0.0205307512999821"	"0.0540137069959965"	"0.0512346494123861"	"0.0281222959330834"	"0.0468527977264872"
"d__Bacteria"	" p__Deferribacterota"	" c__Deferribacteres"	" o__Deferribacterales"	" f__Deferribacteraceae"	" g__Mucispirillum"	NA	"0.016437571651773"	"1"	"0.0213988476419858"	"0.0831278972420727"	"0.00137358966161571"	"0.00277918944775684"	"0.000887043782465195"	"0.00101408585421803"	"0.00777414823418126"	"0.00589511707905075"	"0.00334492722608739"	"0.00699655814478361"	"0"	"0.000948946669197191"	"0"	"0.00029603315571344"	"0"	"0.000627982918864607"	"0"	"0.000924889256681108"	"0.00053150652571901"	"0.000376222723852521"	"0.00286166126967392"	"0.0136447905079718"	"0.000717231486462256"	"0.0149284114813056"	"0.00785685989700251"	"0.00158638592443034"	"0.00791121010791505"
"d__Bacteria"	" p__Desulfobacterota"	" c__Desulfovibrionia"	" o__Desulfovibrionales"	" f__Desulfovibrionaceae"	" g__uncultured"	NA	"0.365594483067111"	"1"	"0.528068926969603"	"0.887266360587478"	"0.000142342000379579"	"0.000348665269897017"	"0.000169751758862284"	"0.000283752309664718"	"0.000341758232985494"	"0.000306578392137644"	"0.000217950664075786"	"0"	"0"	"0.000854052002277472"	"0"	"0"	"0"	"0"	"0"	"0.000340748673514092"	"0"	"0"	"0.000677761879659613"	"0.000593251761216166"	"0"	"0.000746420574065278"	"0"	"0.000288433804441881"	"0.000422443258189639"
"d__Bacteria"	" p__Desulfobacterota"	" c__Desulfovibrionia"	" o__Desulfovibrionales"	" f__Desulfovibrionaceae"	" g__Desulfovibrio"	NA	"0.586038610844014"	"1"	"1"	"1"	"0.00418811260125862"	"0.00645267747333241"	"0.0024477116610519"	"0.00307025171920394"	"0.0039406967988932"	"0.00399399967373985"	"0.00352550702040124"	"0"	"0"	"0.00488707534636553"	"0.0167874856924838"	"0.000789421748569173"	"0.00266469282013323"	"0.000125596583772921"	"0.00298106149169979"	"0.0018984568952928"	"0"	"0.00139739868859508"	"0.00828375630695082"	"0.00385613644790508"	"0.000851712390173929"	"0.011671303521748"	"0.000924336458470883"	"0.00288433804441881"	"0.0034563539306425"
"d__Bacteria"	" p__Cyanobacteria"	" c__Vampirivibrionia"	" o__Gastranaerophilales"	" f__Gastranaerophilales"	" g__Gastranaerophilales"	NA	"0.0781112084893005"	"0.223449106256404"	"0.109541713874822"	"1"	"0"	"0"	"0.000540272917294339"	"0.00067281826147296"	"0.000588792830047189"	"0.000535915785394652"	"0.000376355249113843"	"0"	"0"	"0"	"0"	"0"	"0"	"0"	"0"	"0.000876210874750523"	"0.000708675367625347"	"0"	"0.00165675126139016"	"0.000741564701520208"	"0.000717231486462256"	"0.00142498473230644"	"0"	"0.000648976059994231"	"0"
"d__Bacteria"	" p__Verrucomicrobiota"	" c__Verrucomicrobiae"	" o__Verrucomicrobiales"	" f__Akkermansiaceae"	" g__Akkermansia"	NA	"0.363705813441411"	"0.471263772544085"	"1"	"1"	"8.8247795226885e-05"	"0.00014320220079684"	"0"	"0"	"0.000226188052747054"	"0.000554045315144009"	"0.000104811949324646"	"0"	"0"	"0.000332131334219017"	"0"	"0.000197355437142293"	"0"	"0"	"0"	"0"	"0"	"0"	"0"	"0"	"0"	"0.00135712831648232"	"0"	"0"	"0"
"d__Bacteria"	" p__Firmicutes"	" c__Clostridia"	" o__Oscillospirales"	" f__Oscillospiraceae"	" g__NK4A214_group"	NA	"0.193463589361863"	"0.349445680358774"	"0.349445680358774"	"1"	"0.000188463312019284"	"0.000361631701933753"	"0.000368684477090407"	"0.00032646294415418"	"0.000453704079342219"	"0.000405603019780783"	"0.000336950622817303"	"0.000902781696101112"	"0.000227998176014592"	"0"	"0"	"0"	"0"	"0.000376789751318764"	"0.000935234977788169"	"0.000340748673514092"	"0"	"0.000107492206815006"	"0.000451841253106409"	"0.00118650352243233"	"0.000313788775327237"	"0.000339282079120581"	"0.000594216294731282"	"0.000288433804441881"	"0"
"d__Bacteria"	" p__Firmicutes"	" c__Clostridia"	" o__Oscillospirales"	" f__Oscillospiraceae"	" g__Intestinimonas"	NA	"0.390782286844792"	"1"	"1"	"0.528585015761431"	"0.000259988039813535"	"0.000446715705880101"	"0.000113582891171364"	"0.000278220126879914"	"0.000593663042215638"	"0.000759671168068618"	"0.000322411324400179"	"0"	"0"	"0.000474473334598596"	"0"	"0.00108545490428261"	"0"	"0"	"0"	"0.000681497347028185"	"0"	"0"	"0"	"0.00170559881349648"	"0"	"0.00135712831648232"	"0"	"0"	"0.000499251123315027"
"d__Bacteria"	" p__Firmicutes"	" c__Clostridia"	" o__Oscillospirales"	" f__Butyricicoccaceae"	" g__Butyricicoccus"	NA	"0.380277134565821"	"1"	"0.579382455182812"	"0.847049923293584"	"0.00148794888416925"	"0.00221728034802609"	"0.000608305823658436"	"0.000732211567072177"	"0.000213203292899655"	"0.000336528542929747"	"0.00076981933357578"	"0.00220053038424646"	"0.0056999544003648"	"0.000569368001518315"	"0.000457840518885921"	"0"	"0"	"0"	"0.000584521861117606"	"0.00184977851336222"	"0"	"0.000161238310222509"	"0.00105429625724829"	"0.000741564701520208"	"0"	"0"	"0"	"0"	"0.000537655055877722"
"d__Bacteria"	" p__Firmicutes"	" c__Clostridia"	" o__Oscillospirales"	" f__Butyricicoccaceae"	" g__UCG-009"	NA	"0.584374476500166"	"1"	"0.908291087664151"	"1"	"0.00014801657785672"	"0.000362565089221903"	"0.000337586058274681"	"0.000546894597203225"	"0.000424512495235281"	"0.00068826387965633"	"0.000303371710455561"	"0"	"0"	"0"	"0"	"0.00088809946714032"	"0"	"0"	"0.000759878419452888"	"0.0012656379301952"	"0"	"0"	"0"	"0.00170559881349648"	"0"	"0"	"0.000726264360227123"	"0"	"0.000115211797688083"
"d__Bacteria"	" p__Firmicutes"	" c__Clostridia"	" o__Oscillospirales"	" f__Oscillospiraceae"	" g__Oscillibacter"	NA	"0.846035856202009"	"1"	"1"	"1"	"0.00238767012310898"	"0.00384628745253331"	"0.00195322798852015"	"0.00175818757234305"	"0.00229340760036153"	"0.0023625241114055"	"0.00221143523733022"	"0.0100998702251312"	"0.00150478796169631"	"0.00104384133611691"	"0"	"0.00167752121570949"	"0"	"0.000627982918864607"	"0.00233808744447042"	"0.00433237599182203"	"0"	"0.000806191551112544"	"0.00361473002485127"	"0.00645161290322581"	"0"	"0.00257854380131641"	"0.00231084114617721"	"0"	"0.00241944775144975"
"d__Bacteria"	" p__Firmicutes"	" c__Clostridia"	" o__Oscillospirales"	" f__Oscillospiraceae"	" g__uncultured"	NA	"0.316336134602704"	"0.47665651105948"	"0.699681699366695"	"1"	"0.0015277982080927"	"0.00153671363343056"	"0.00383402634788013"	"0.00293953089173579"	"0.00384020958044405"	"0.00353040015402615"	"0.00306734471213896"	"0.0017491395361959"	"0.00109439124487004"	"0.00227747200607326"	"0"	"0.00404578646141701"	"0"	"0.0014443607133886"	"0.00321487023614683"	"0.00861607360171348"	"0.00354337683812673"	"0.00053746103407503"	"0.00564801566383011"	"0.00682239525398591"	"0"	"0.00861776480966275"	"0.00501782648884194"	"0.000432650706662821"	"0.00215062022351089"
"d__Bacteria"	" p__Firmicutes"	" c__Clostridia"	" o__Oscillospirales"	" f__Oscillospiraceae"	" g__Colidextribacter"	NA	"0.960771345359625"	"1"	"1"	"1"	"0.000828550410071876"	"0.00107546201748087"	"0.000797659891496395"	"0.000750217830075946"	"0.000959808010518314"	"0.0011467846405753"	"0.000862006104028862"	"0.000846357840094792"	"0.00264477884176927"	"0"	"0"	"0.0014801657785672"	"0"	"0"	"0"	"0.0012656379301952"	"0.00135829445461525"	"0.000429968827260024"	"0.0017320581369079"	"0.00274378939562477"	"0"	"0.00162855397977879"	"0.00138650468770633"	"0"	"0"
"d__Bacteria"	" p__Bacteroidota"	" c__Bacteroidia"	" o__Bacteroidales"	" f__Muribaculaceae"	" g__Muribaculaceae"	NA	"0.134546158463009"	"1"	"0.136264205438633"	"0.83845610475338"	"0.139540749336707"	"0.0273588130875714"	"0.121145130157539"	"0.0178958680818965"	"0.105902139084015"	"0.0217465920125147"	"0.122196006192754"	"0.10071658297128"	"0.169129046967624"	"0.128629721009679"	"0.151697825257535"	"0.166567988948096"	"0.120503330866025"	"0.124591811102738"	"0.144376899696049"	"0.107287153775009"	"0.0950806118230674"	"0.121036224873697"	"0.134498079674674"	"0.0737115313311086"	"0.0918504572350726"	"0.132320010857027"	"0.105110260134689"	"0.126694548601096"	"0.105726026345098"
"d__Bacteria"	" p__Bacteroidota"	" c__Bacteroidia"	" o__Bacteroidales"	" f__Tannerellaceae"	" g__Parabacteroides"	NA	"0.342569407650713"	"1"	"1"	"0.432254883955549"	"0.00114943420228001"	"0.00121023644623304"	"0.000819377825033603"	"0.000402647935930495"	"0.00143961922802316"	"0.000735223608820383"	"0.00113614375177893"	"0"	"0"	"0.00322641867527045"	"0.00144982830980542"	"0.0014801657785672"	"0.00074019245003701"	"0.000502386335091685"	"0.000642974047229366"	"0.000681497347028185"	"0.00159451957715703"	"0.000591207137482532"	"0.000903682506212817"	"0.000593251761216166"	"0.00210686749148288"	"0.0025106873854923"	"0.000924336458470883"	"0.00108162676665705"	"0.00142094550481969"
"d__Bacteria"	" p__Bacteroidota"	" c__Bacteroidia"	" o__Bacteroidales"	" f__Bacteroidaceae"	" g__Bacteroides"	NA	"0.120839505939949"	"0.478598052603902"	"1"	"0.135930349001523"	"0.0357862359343305"	"0.0376984524774767"	"0.0527500827721627"	"0.0220884997065181"	"0.0292157793394228"	"0.00758094692574559"	"0.0392506993486387"	"0"	"0"	"0.100683241601822"	"0.0280808851583365"	"0.0522005131241366"	"0.0337527757216876"	"0.048668676212007"	"0.0354804769698387"	"0.0629898262181765"	"0.0904742219335026"	"0.0284316887025691"	"0.0504556065968823"	"0.0206154987022618"	"0.0258203335126412"	"0.0426816855533691"	"0.0304370790967912"	"0.0250937409864436"	"0.0306463381850301"
"d__Bacteria"	" p__Bacteroidota"	" c__Bacteroidia"	" o__Bacteroidales"	" f__Prevotellaceae"	" g__Prevotellaceae_UCG-001"	NA	"0.0353315552697601"	"0.0372232809739869"	"0.205869537604145"	"1"	"0.000754370839035643"	"0.000907772935777293"	"0.00489920122162036"	"0.00413871435328676"	"0.00234902815073468"	"0.00124392616492994"	"0.00266753340379689"	"0"	"0"	"0.00156576200417537"	"0"	"0.00207223208999408"	"0.000888230940044412"	"0"	"0.0114566284779051"	"0.00778854110889354"	"0.00478355873147109"	"0.00220359023970762"	"0.00316288877174486"	"0.00222469410456062"	"0.00354133046440739"	"0.000678564158241162"	"0.00138650468770633"	"0.00230747043553504"	"0.00395560505395753"
"d__Bacteria"	" p__Bacteroidota"	" c__Bacteroidia"	" o__Bacteroidales"	" f__Marinifilaceae"	" g__Odoribacter"	NA	"0.300686789657555"	"0.620668057958249"	"0.475038912118583"	"1"	"0"	"0"	"0.000830584896315749"	"0.00175598188133394"	"0.00182563103971506"	"0.00363997616105718"	"0.000885405312010271"	"0"	"0"	"0"	"0"	"0"	"0"	"0"	"0"	"0.00438105437375262"	"0"	"0"	"0.000602455004141878"	"0.00185391175380052"	"0.00909987448448987"	"0"	"0"	"0"	"0"
"d__Bacteria"	" p__Bacteroidota"	" c__Bacteroidia"	" o__Bacteroidales"	" f__Rikenellaceae"	" g__Rikenellaceae_RC9_gut_group"	NA	"0.0502175262578623"	"0.0796295357314213"	"1"	"0.135930349001523"	"0.00602073721612646"	"0.00688609865521602"	"0.0159620884145602"	"0.00537082491556546"	"0.00630846678656517"	"0.00495542573404429"	"0.0094304308057506"	"0"	"0"	"0.000996394002657051"	"0.00724914154902709"	"0.011446615354253"	"0.0164322723908216"	"0.0124968600854057"	"0.0223287350946925"	"0.0225380908338607"	"0.016299533455383"	"0.0113404278189831"	"0.0107688831990361"	"0.00363366703744902"	"0.0127756858526089"	"0.00088213340571351"	"0.00171662485144593"	"0.0108162676665705"	"0.00802642190560313"
"d__Bacteria"	" p__Bacteroidota"	" c__Bacteroidia"	" o__Bacteroidales"	" f__Rikenellaceae"	" g__Alistipes"	NA	"0.172004624117042"	"1"	"0.640832680884436"	"0.197962116588441"	"0.0303990439522367"	"0.026290666270875"	"0.0350411695474443"	"0.0189833120988631"	"0.0175600945388978"	"0.00873745384925434"	"0.0276667693461929"	"0.0779777690007335"	"0.0348837209302326"	"0.0113399126969064"	"0.00557039297977871"	"0.0352279455298994"	"0.0173945225758697"	"0.0169555388093444"	"0.0307458498947861"	"0.0322737672199776"	"0.0512017953109313"	"0.0155863699881759"	"0.0634836960614504"	"0.014386355209492"	"0.0288237403622019"	"0.0265997150030535"	"0.0144592631717945"	"0.015791750793193"	"0.00529974269365183"
"d__Bacteria"	" p__Patescibacteria"	" c__Saccharimonadia"	" o__Saccharimonadales"	" f__Saccharimonadaceae"	" g__Candidatus_Saccharimonas"	NA	"0.121548974327878"	"0.120212982580141"	"0.913956353964706"	"0.913956353964706"	"0"	"0"	"0.000545924135544156"	"0.000684448610327849"	"8.52259990292675e-05"	"0.000159137146684263"	"0.000210383378191141"	"0"	"0"	"0"	"0"	"0"	"0"	"0.0014443607133886"	"0.00134440028057049"	"0.000486783819305846"	"0"	"0"	"0"	"0"	"0"	"0"	"0.000396144196487521"	"0"	"0.000115211797688083"
"d__Bacteria"	" p__Firmicutes"	" c__Bacilli"	" o__Acholeplasmatales"	" f__Acholeplasmataceae"	" g__Anaeroplasma"	NA	"0.0206265767774765"	"0.804773308449267"	"0.0169355461225258"	"0.290366079896831"	"0"	"0"	"0.000217530712145586"	"0.000403670544202779"	"0.000544968689802603"	"0.000547685609320534"	"0.000254166467316063"	"0"	"0"	"0"	"0"	"0"	"0"	"0"	"0"	"0"	"0.00100395677080257"	"0"	"0.000301227502070939"	"0.00155728587319244"	"0.000313788775327237"	"0"	"0.000726264360227123"	"0.000288433804441881"	"0.000384039325626944"
"d__Bacteria"	" p__Firmicutes"	" c__Bacilli"	" o__RF39"	" f__RF39"	" g__RF39"	NA	"0.126443465914122"	"0.343702916778523"	"1"	"0.172287476988102"	"0.000131570291428196"	"0.000322280079308358"	"0.000312225008625866"	"0.000275320676394297"	"1.92019662813472e-05"	"4.70350194474284e-05"	"0.000154332422111803"	"0"	"0"	"0"	"0"	"0.000789421748569173"	"0"	"0.000313991459432303"	"0.000350713116670563"	"0.000681497347028185"	"0"	"0"	"0.000527148128624143"	"0"	"0"	"0"	"0"	"0"	"0.000115211797688083"
"d__Bacteria"	" p__Firmicutes"	" c__Clostridia"	" o__Lachnospirales"	" f__Lachnospiraceae"	" g__Lachnospiraceae_UCG-010"	NA	"0.36787944117144"	"0.66201408575954"	"0.66201408575954"	"1"	"2.27998176014592e-05"	"5.58479193521016e-05"	"0"	"0"	"0"	"0"	"7.5999392004864e-06"	"0"	"0.000136798905608755"	"0"	"0"	"0"	"0"	"0"	"0"	"0"	"0"	"0"	"0"	"0"	"0"	"0"	"0"	"0"	"0"
"d__Bacteria"	" p__Firmicutes"	" c__Clostridia"	" o__Lachnospirales"	" f__Lachnospiraceae"	" g__Tuzzerella"	NA	"0.721046656438014"	"1"	"1"	"1"	"0.000277909107150373"	"0.000443675151273339"	"0.000485158612410803"	"0.000477431086743599"	"0.000711223916637174"	"0.000970040849721955"	"0.00049143054539945"	"0"	"0.0010031919744642"	"0.000664262668438034"	"0"	"0"	"0"	"0"	"0.000584521861117606"	"0.0006328189650976"	"0.000413393964448119"	"0"	"0.00128021688380149"	"0.0017797552836485"	"0"	"0.0021035488905476"	"0"	"0"	"0.000384039325626944"
"d__Bacteria"	" p__Firmicutes"	" c__Clostridia"	" o__Lachnospirales"	" f__Lachnospiraceae"	" g__ASF356"	NA	"0.339077873686262"	"1"	"0.454977223520709"	"0.950651558031814"	"0.00232165633862247"	"0.00185339265331452"	"0.00286006719056325"	"0.00221657816433326"	"0.0043501871533863"	"0.00269724768355579"	"0.00317730356085734"	"0"	"0.00424076607387141"	"0.00474473334598596"	"0.00198397558183899"	"0.00207223208999408"	"0.000888230940044412"	"0.00326551117809596"	"0.0022211830722469"	"0.00452708951954437"	"0.00112206933207347"	"0"	"0.00602455004141878"	"0.0060808305524657"	"0.000403442711135019"	"0.00719278007735631"	"0.00600818698006074"	"0.00173060282665128"	"0.00468527977264872"
"d__Bacteria"	" p__Firmicutes"	" c__Clostridia"	" o__Peptostreptococcales-Tissierellales"	" f__Peptostreptococcaceae"	" g__Peptoclostridium"	NA	"0.36787944117144"	"1"	"0.66201408575954"	"0.66201408575954"	"0"	"0"	"0"	"0"	"0.000111234705228031"	"0.000272468269497573"	"3.70782350760104e-05"	"0"	"0"	"0"	"0"	"0"	"0"	"0"	"0"	"0"	"0"	"0"	"0"	"0.000667408231368187"	"0"	"0"	"0"	"0"	"0"
"d__Bacteria"	" p__Firmicutes"	" c__Clostridia"	" o__Peptostreptococcales-Tissierellales"	" f__Anaerovoracaceae"	" g__Anaerovorax"	NA	"0.586071357998473"	"1"	"1"	"1"	"0"	"0"	"3.24522546203898e-05"	"7.94914648228327e-05"	"4.52376105494108e-05"	"0.000110809063028802"	"2.58966217232668e-05"	"0"	"0"	"0"	"0"	"0"	"0"	"0"	"0"	"0.000194713527722339"	"0"	"0"	"0"	"0"	"0"	"0.000271425663296465"	"0"	"0"	"0"
"d__Bacteria"	" p__Firmicutes"	" c__Clostridia"	" o__Peptostreptococcales-Tissierellales"	" f__Anaerovoracaceae"	" g__[Eubacterium]_brachy_group"	NA	"0.461316886403639"	"1"	"1"	"0.66314163266617"	"8.48311300433111e-05"	"0.000137643799202136"	"8.78580214373572e-05"	"0.000215207322332031"	"0.000219861883553549"	"0.000299382654849088"	"0.000130850345011406"	"0"	"0.000319197446420429"	"0.000189789333839438"	"0"	"0"	"0"	"0"	"0"	"0"	"0"	"0"	"0.000527148128624143"	"0.000593251761216166"	"0"	"0.000610707742417046"	"0"	"0"	"0.000115211797688083"
"d__Bacteria"	" p__Firmicutes"	" c__Clostridia"	" o__Peptostreptococcales-Tissierellales"	" f__Anaerovoracaceae"	" g__Family_XIII_UCG-001"	NA	"0.58746474680206"	"1"	"1"	"1"	"7.63067531476536e-05"	"0.000186912609140265"	"3.76534377588674e-05"	"9.22317095708705e-05"	"0.000244847518766962"	"0.000403048070967232"	"0.000119602569891161"	"0"	"0"	"0"	"0.000457840518885921"	"0"	"0"	"0"	"0"	"0"	"0"	"0"	"0.000225920626553204"	"0.000519095291064145"	"0"	"0.000949989821537626"	"0"	"0"	"0"
"d__Bacteria"	" p__Firmicutes"	" c__Clostridia"	" o__Peptostreptococcales-Tissierellales"	" f__Anaerovoracaceae"	" g__[Eubacterium]_nodatum_group"	NA	"0.986240607095105"	"1"	"1"	"1"	"6.57851457140978e-05"	"0.000161140039654179"	"0.000129809018481559"	"0.000317965859291331"	"3.30120163739601e-05"	"8.08625954966057e-05"	"7.62020601898723e-05"	"0"	"0"	"0"	"0"	"0.000394710874284587"	"0"	"0"	"0"	"0.000778854110889354"	"0"	"0"	"0"	"0"	"0"	"0"	"0.000198072098243761"	"0"	"0"
"d__Bacteria"	" p__Firmicutes"	" c__Clostridia"	" o__Peptostreptococcales-Tissierellales"	" f__Anaerovoracaceae"	" g__Family_XIII_AD3011_group"	NA	"0.36787944117144"	"0.66201408575954"	"1"	"0.66201408575954"	"0"	"0"	"1.96854268784819e-05"	"4.82192512211496e-05"	"0"	"0"	"6.56180895949395e-06"	"0"	"0"	"0"	"0"	"0"	"0"	"0"	"0"	"0"	"0.000118112561270891"	"0"	"0"	"0"	"0"	"0"	"0"	"0"	"0"
"d__Bacteria"	" p__Firmicutes"	" c__Bacilli"	" o__Staphylococcales"	" f__Gemellaceae"	" g__Gemella"	NA	"0.586071357998473"	"1"	"1"	"1"	"8.22314321426222e-05"	"0.000201425049567724"	"0"	"0"	"1.92019662813472e-05"	"4.70350194474284e-05"	"3.38111328079898e-05"	"0"	"0"	"0"	"0"	"0.000493388592855733"	"0"	"0"	"0"	"0"	"0"	"0"	"0"	"0"	"0"	"0"	"0"	"0"	"0.000115211797688083"
"d__Bacteria"	" p__Firmicutes"	" c__Bacilli"	" o__Lactobacillales"	" f__Aerococcaceae"	" g__Aerococcus"	NA	"0.00854297548517708"	"0.0225649526920292"	"1"	"0.0225649526920292"	"0"	"0"	"0.00051987163098469"	"0.000603382905845981"	"0"	"0"	"0.000173290543661563"	"0"	"0"	"0"	"0"	"0"	"0"	"0.000439588043205225"	"0.00151975683890578"	"0"	"0.000944900490167129"	"0.000214984413630012"	"0"	"0"	"0"	"0"	"0"	"0"	"0"
"d__Bacteria"	" p__Firmicutes"	" c__Bacilli"	" o__Lactobacillales"	" f__Lactobacillaceae"	" g__Lactobacillus"	NA	"0.129907103488763"	"0.640832680884436"	"0.136264205438633"	"1"	"0.367371595334683"	"0.102681969554013"	"0.444905676211037"	"0.0784742803502484"	"0.552588874343406"	"0.162008616008701"	"0.454955381963042"	"0.280257292783389"	"0.370679434564523"	"0.219254127918011"	"0.461655856543304"	"0.387112689954608"	"0.485270170244263"	"0.50709620698317"	"0.486497545008183"	"0.32969868081585"	"0.39626764306384"	"0.537192303557992"	"0.412681677837187"	"0.429662588060808"	"0.760086067778375"	"0.37008889190473"	"0.429288260926977"	"0.669815402365157"	"0.656592035024386"
"d__Bacteria"	" p__Firmicutes"	" c__Bacilli"	" o__Lactobacillales"	" f__Streptococcaceae"	" g__Streptococcus"	NA	"0.192317773766333"	"1"	"0.446026689978022"	"0.281625249091862"	"0.000726273779008746"	"0.000949087036135188"	"0.000792615869244364"	"0.00085037009010164"	"0.000135953528612038"	"0.000333016773830367"	"0.000551614392288383"	"0.00253907352028438"	"0.000455996352029184"	"0.000474473334598596"	"0"	"0.00088809946714032"	"0"	"0"	"0.0022211830722469"	"0.0006328189650976"	"0.0012992381739798"	"0"	"0.000602455004141878"	"0.000815721171672228"	"0"	"0"	"0"	"0"	"0"
"d__Bacteria"	" p__Firmicutes"	" c__Bacilli"	" o__Erysipelotrichales"	" f__Erysipelatoclostridiaceae"	" g__Erysipelatoclostridium"	NA	"0.170290762740721"	"1"	"0.82062608861334"	"0.141572840191798"	"0.000179017624888055"	"0.000319983692484129"	"0.000333823614763381"	"0.000517745931621257"	"0"	"0"	"0.000170947079883812"	"0"	"0"	"0.000284684000759157"	"0"	"0.000789421748569173"	"0"	"0.00125596583772921"	"0"	"9.73567638611693e-05"	"0.000649619086989901"	"0"	"0"	"0"	"0"	"0"	"0"	"0"	"0"
"d__Bacteria"	" p__Firmicutes"	" c__Bacilli"	" o__Erysipelotrichales"	" f__Erysipelatoclostridiaceae"	" g__Erysipelatoclostridiaceae"	NA	"0.36787944117144"	"0.66201408575954"	"0.66201408575954"	"1"	"2.27998176014592e-05"	"5.58479193521016e-05"	"0"	"0"	"0"	"0"	"7.5999392004864e-06"	"0"	"0.000136798905608755"	"0"	"0"	"0"	"0"	"0"	"0"	"0"	"0"	"0"	"0"	"0"	"0"	"0"	"0"	"0"	"0"
"d__Bacteria"	" p__Firmicutes"	" c__Bacilli"	" o__Erysipelotrichales"	" f__Erysipelotrichaceae"	" g__Erysipelotrichaceae"	NA	"0.120314388400899"	"0.224117799936391"	"0.224117799936391"	"1"	"0.000254022275218966"	"0.000476040424129294"	"0"	"0"	"0"	"0"	"8.46740917396553e-05"	"0.000338543136037917"	"0.00118559051527588"	"0"	"0"	"0"	"0"	"0"	"0"	"0"	"0"	"0"	"0"	"0"	"0"	"0"	"0"	"0"	"0"
"d__Bacteria"	" p__Firmicutes"	" c__Bacilli"	" o__Erysipelotrichales"	" f__Erysipelotrichaceae"	" g__Faecalibaculum"	NA	"0.167555493523879"	"0.704241412660943"	"1"	"0.185620448319999"	"0.00408164733928571"	"0.00477280422882452"	"0.000946180742960975"	"0.00160435338274854"	"0.0189976920561858"	"0.0324072731819754"	"0.00800850671281083"	"0"	"0"	"0.00166065667109508"	"0.0125906142693628"	"0.00483520820998619"	"0.00540340488527017"	"0"	"0"	"0"	"0"	"0.00386971944534021"	"0.00180736501242563"	"0.00526510938079347"	"0"	"0.0173712424509737"	"0.0838505215898587"	"0.0074992789154889"	"0"
"d__Bacteria"	" p__Firmicutes"	" c__Bacilli"	" o__Erysipelotrichales"	" f__Erysipelotrichaceae"	" g__uncultured"	NA	"0.363705813441411"	"0.471263772544085"	"1"	"1"	"0.000377975864854612"	"0.000592907334851231"	"0"	"0"	"0.000260116260659112"	"0.00063715211241561"	"0.000212697375171241"	"0"	"0"	"0.00128107800341621"	"0"	"0.000986777185711466"	"0"	"0"	"0"	"0"	"0"	"0"	"0"	"0"	"0"	"0.00156069756395467"	"0"	"0"	"0"
"d__Bacteria"	" p__Firmicutes"	" c__Bacilli"	" o__Staphylococcales"	" f__Staphylococcaceae"	" g__Jeotgalicoccus"	NA	"0.0345016487490504"	"0.0738726027713595"	"1"	"0.0738726027713595"	"0"	"0"	"0.000261589424785955"	"0.000372891755426808"	"0"	"0"	"8.71964749286518e-05"	"0"	"0"	"0"	"0"	"0"	"0"	"0.000439588043205225"	"0.000935234977788169"	"0.000194713527722339"	"0"	"0"	"0"	"0"	"0"	"0"	"0"	"0"	"0"
"d__Bacteria"	" p__Firmicutes"	" c__Bacilli"	" o__Staphylococcales"	" f__Staphylococcaceae"	" g__Staphylococcus"	NA	"0.11257741034039"	"1"	"0.301522044566112"	"0.199240575235782"	"0.000215253291245453"	"0.000303121585472172"	"0.000800682417280168"	"0.000993818038487273"	"0"	"0"	"0.000338645236175207"	"0"	"9.11992704058368e-05"	"0"	"0.000534147272033575"	"0"	"0.000666173205033309"	"0.00194674704848028"	"0.00210427870002338"	"0"	"0"	"0"	"0.000753068755177348"	"0"	"0"	"0"	"0"	"0"	"0"
"d__Bacteria"	" p__Firmicutes"	" c__Clostridia"	" o__Peptococcales"	" f__Peptococcaceae"	" g__uncultured"	NA	"0.939479407886564"	"1"	"1"	"1"	"0.000349840791267155"	"0.000444246541204648"	"0.000338129151250566"	"0.000361828676564911"	"0.000589121707934018"	"0.000818764599764237"	"0.000425697216817247"	"0.000338543136037917"	"0.00104879160966712"	"0.000711710001897893"	"0"	"0"	"0"	"0.000251193167545843"	"0.000409165302782324"	"0.000389427055444677"	"0"	"0"	"0.000978989381730552"	"0.00103819058212829"	"0"	"0.00203569247472349"	"0"	"0"	"0.000460847190752333"
"d__Bacteria"	" p__Firmicutes"	" c__Clostridia"	" o__Peptococcales"	" f__Peptococcaceae"	" g__Peptococcus"	NA	"0.36787944117144"	"1"	"0.66201408575954"	"0.66201408575954"	"0"	"0"	"0"	"0"	"6.17970584600173e-05"	"0.000151371260831985"	"2.05990194866724e-05"	"0"	"0"	"0"	"0"	"0"	"0"	"0"	"0"	"0"	"0"	"0"	"0"	"0.000370782350760104"	"0"	"0"	"0"	"0"	"0"
"d__Bacteria"	" p__Firmicutes"	" c__Clostridia"	" o__Oscillospirales"	" f__UCG-010"	" g__UCG-010"	NA	"0.22406896672092"	"0.25253983651139"	"1"	"1"	"0.000217918773215619"	"0.000434186696385468"	"0.000594770398113723"	"0.000406207608646228"	"0.000322626360984472"	"0.000298062071892907"	"0.000378438510771271"	"0"	"0"	"0"	"0"	"0.00108545490428261"	"0.000222057735011103"	"0"	"0.000935234977788169"	"0.000778854110889354"	"0.00053150652571901"	"0.000268730517037515"	"0.00105429625724829"	"0.000667408231368187"	"0"	"0.000339282079120581"	"0.000660240327479202"	"0"	"0.000268827527938861"
"d__Bacteria"	" p__Firmicutes"	" c__Clostridia"	" o__Christensenellales"	" f__Christensenellaceae"	" g__Christensenellaceae"	NA	"0.36787944117144"	"1"	"0.66201408575954"	"0.66201408575954"	"0"	"0"	"0"	"0"	"2.98846452692607e-05"	"7.32021320537678e-05"	"9.96154842308688e-06"	"0"	"0"	"0"	"0"	"0"	"0"	"0"	"0"	"0"	"0"	"0"	"0"	"0"	"0.000179307871615564"	"0"	"0"	"0"	"0"
"d__Bacteria"	" p__Firmicutes"	" c__Clostridia"	" o__Clostridia_vadinBB60_group"	" f__Clostridia_vadinBB60_group"	" g__Clostridia_vadinBB60_group"	NA	"0.0652951594921631"	"0.270875866895658"	"1"	"0.0752209792091462"	"0.000996421096091974"	"0.000930865532756713"	"0.00238242505322541"	"0.00161199466204168"	"0.000656074741112543"	"0.000808469789536737"	"0.00134497363014331"	"0"	"0.00205198358413133"	"0.000521920668058455"	"0"	"0.00177619893428064"	"0.00162842339008142"	"0.00106757096206983"	"0.00292260930558803"	"0.0025312758603904"	"0.00248036378668871"	"0.000322476620445018"	"0.0049702537841705"	"0.00148312940304042"	"0.00179307871615564"	"0"	"0.000660240327479202"	"0"	"0"
"d__Bacteria"	" p__Firmicutes"	" c__Clostridia"	" o__Monoglobales"	" f__Monoglobaceae"	" g__Monoglobus"	NA	"0.136787833757202"	"0.778073905879536"	"0.140208524339502"	"1"	"6.16827041697508e-05"	"0.000151091151170934"	"0.000223000920972759"	"0.000292407741295865"	"0.000635086337749672"	"0.000729052763257405"	"0.000306589987630727"	"0"	"0"	"0"	"0"	"0"	"0.000370096225018505"	"0"	"0"	"0"	"0.000649619086989901"	"0.000161238310222509"	"0.000527148128624143"	"0.000519095291064145"	"0.0019723865877712"	"0.000814276989889394"	"0"	"0.000504759157773291"	"0"
"d__Bacteria"	" p__Firmicutes"	" c__Clostridia"	" o__Oscillospirales"	" f__Ruminococcaceae"	" g__Incertae_Sedis"	NA	"0.908882765442635"	"1"	"1"	"1"	"0.00170046789406153"	"0.00218075271116256"	"0.0053022050127764"	"0.00883054986940545"	"0.00137704238210573"	"0.00177226760860694"	"0.00279323842964789"	"0.00569880945663827"	"0.00264477884176927"	"0.00118618333649649"	"0.000228920259442961"	"0"	"0.000444115470022206"	"0.00923134890730972"	"0.0217442132335749"	"0.000730175728958769"	"0"	"0.000107492206815006"	"0"	"0.00400444938820912"	"0"	"0.00318925154373346"	"0.000924336458470883"	"0.00014421690222094"	"0"
"d__Bacteria"	" p__Firmicutes"	" c__Clostridia"	" o__Oscillospirales"	" f__Ruminococcaceae"	" g__Ruminococcaceae"	NA	"0.36787944117144"	"0.66201408575954"	"1"	"0.66201408575954"	"0"	"0"	"5.67914455856821e-05"	"0.000139110063439957"	"0"	"0"	"1.8930481861894e-05"	"0"	"0"	"0"	"0"	"0"	"0"	"0"	"0"	"0.000340748673514092"	"0"	"0"	"0"	"0"	"0"	"0"	"0"	"0"	"0"
"d__Bacteria"	" p__Firmicutes"	" c__Clostridia"	" o__Oscillospirales"	" f__Ruminococcaceae"	" g__[Eubacterium]_siraeum_group"	NA	"0.120314388400899"	"1"	"0.224117799936391"	"0.224117799936391"	"0"	"0"	"0"	"0"	"0.000128920694391141"	"0.00023896486984229"	"4.2973564797047e-05"	"0"	"0"	"0"	"0"	"0"	"0"	"0"	"0"	"0"	"0"	"0"	"0"	"0"	"0.000179307871615564"	"0"	"0.000594216294731282"	"0"	"0"
"d__Bacteria"	" p__Firmicutes"	" c__Clostridia"	" o__Oscillospirales"	" f__Ruminococcaceae"	" g__uncultured"	NA	"0.463030507926598"	"1"	"0.471604569623966"	"0.359123506946996"	"0.000399151030550083"	"0.000523122971829852"	"0.000393029582455215"	"0.000679704345554374"	"0.000720780515219388"	"0.000808394087845359"	"0.000504320376074895"	"0.00129774868814535"	"0.000410396716826265"	"0"	"0.000686760778328882"	"0"	"0"	"0"	"0.000701426233341127"	"0"	"0"	"0"	"0.00165675126139016"	"0.00185391175380052"	"8.9653935807782e-05"	"0.00162855397977879"	"0.000330120163739601"	"0"	"0.000422443258189639"
"d__Bacteria"	" p__Firmicutes"	" c__Clostridia"	" o__Oscillospirales"	" f__Ruminococcaceae"	" g__Anaerotruncus"	NA	"0.0235456677392217"	"0.102809102910502"	"0.0311725540893542"	"1"	"0.00156066465159193"	"0.00121973541843023"	"0.000396702560171253"	"0.000594659844428113"	"0.000204859953490805"	"0.000361991420717547"	"0.000720742388417997"	"0.00349827907239181"	"0.00168718650250798"	"0.00237236667299298"	"0.000991987790919496"	"0.00029603315571344"	"0.000518134715025907"	"0"	"0"	"0.00150902983984812"	"0"	"0.000268730517037515"	"0.000602455004141878"	"0.000889877641824249"	"0"	"0.000339282079120581"	"0"	"0"	"0"
"d__Bacteria"	" p__Firmicutes"	" c__Clostridia"	" o__Oscillospirales"	" f__Ruminococcaceae"	" g__Negativibacillus"	NA	"0.791235382510855"	"1"	"1"	"1"	"0.00057801819366182"	"0.00124571205224704"	"9.94181508746945e-05"	"0.000154029414545501"	"6.17970584600173e-05"	"0.000151371260831985"	"0.000246411134332177"	"0.00310331208034757"	"0.000364797081623347"	"0"	"0"	"0"	"0"	"0"	"0"	"0"	"0.000295281403177228"	"0"	"0.000301227502070939"	"0.000370782350760104"	"0"	"0"	"0"	"0"	"0"
"d__Bacteria"	" p__Firmicutes"	" c__Clostridia"	" o__Oscillospirales"	" f__Ruminococcaceae"	" g__UBA1819"	NA	"0.120314388400899"	"1"	"0.224117799936391"	"0.224117799936391"	"0"	"0"	"0"	"0"	"0.000142012885976137"	"0.000220329911596622"	"4.73376286587123e-05"	"0"	"0"	"0"	"0"	"0"	"0"	"0"	"0"	"0"	"0"	"0"	"0"	"0.000444938820912125"	"0"	"0.000407138494944697"	"0"	"0"	"0"
"d__Bacteria"	" p__Firmicutes"	" c__Clostridia"	" o__Oscillospirales"	" f__[Eubacterium]_coprostanoligenes_group"	" g__[Eubacterium]_coprostanoligenes_group"	NA	"0.656721859371002"	"1"	"1"	"1"	"0.000521910708348024"	"0.000620930312926869"	"0.000415589141956727"	"0.00048122559407674"	"0.000196606006020687"	"0.000227783162854697"	"0.000378035285441813"	"0"	"0"	"0"	"0.000763067531476536"	"0.0014801657785672"	"0.000888230940044412"	"0.000565184626978146"	"0.00105213935001169"	"0.000876210874750523"	"0"	"0"	"0"	"0"	"0.000493096646942801"	"0"	"0.000264096130991681"	"0"	"0.000422443258189639"
"d__Bacteria"	" p__Firmicutes"	" c__Clostridia"	" o__Oscillospirales"	" f__Ruminococcaceae"	" g__Ruminococcus"	NA	"0.050923700354383"	"0.0827618400887702"	"0.133187487311685"	"1"	"0.000279586869284915"	"0.000684845168530262"	"0.00408174006801455"	"0.00610654681201415"	"0.00104766913040302"	"0.000607191043643398"	"0.00180299868923416"	"0"	"0"	"0"	"0"	"0.00167752121570949"	"0"	"0.000376789751318764"	"0"	"0.00111960278440345"	"0.00572845922163822"	"0.00145114479200258"	"0.0158144438587243"	"0.000815721171672228"	"0.000358615743231128"	"0.000610707742417046"	"0.00184867291694177"	"0.00173060282665128"	"0.000921694381504666"
"d__Bacteria"	" p__Firmicutes"	" c__Clostridia"	" o__Clostridiales"	" f__Clostridiaceae"	" g__Candidatus_Arthromitus"	NA	"0.0166092394804961"	"0.0204859799866718"	"1"	"0.0913771119194421"	"0.00334298462758148"	"0.00373854626022492"	"0.0135097638962378"	"0.00686679563446196"	"0.00504492280841902"	"0.00463823553168648"	"0.00729922377741277"	"0"	"0"	"0.00284684000759157"	"0.0021365890881343"	"0.00522991908427077"	"0.00984455958549223"	"0.0202210499874403"	"0.0208674304418985"	"0.00637686803290659"	"0.0168900962617374"	"0.00510587982371278"	"0.0115972588297312"	"0.00237300704486466"	"0.0140308409539179"	"0.000949989821537626"	"0.00468770632510234"	"0.0033890972021921"	"0.0048388955028995"
"d__Bacteria"	" p__Firmicutes"	" c__Clostridia"	" o__Clostridia_UCG-014"	" f__Clostridia_UCG-014"	" g__Clostridia_UCG-014"	NA	"0.00610388880992643"	"0.012416112100774"	"0.0240772362930859"	"1"	"0.00290048060202563"	"0.00292188894644645"	"0.0128850507708789"	"0.00559415498411296"	"0.0112258945698038"	"0.00591076713501183"	"0.00900380864756942"	"0.00648874344072674"	"0"	"0.000996394002657051"	"0"	"0.00562462995855536"	"0.00429311621021466"	"0.0129364481286109"	"0.00566986205284078"	"0.0189358905709974"	"0.0164176460166539"	"0.00655702461571536"	"0.0167934332404549"	"0.0158694846125324"	"0.00587233279540972"	"0.00739634932482866"	"0.0209296183810907"	"0.00757138736659937"	"0.00971619493836169"
"d__Bacteria"	" p__Firmicutes"	" c__Clostridia"	" o__Lachnospirales"	" f__Lachnospiraceae"	" g__[Eubacterium]_oxidoreducens_group"	NA	"0.36787944117144"	"0.66201408575954"	"0.66201408575954"	"1"	"4.70198800052662e-05"	"0.000115174713779795"	"0"	"0"	"0"	"0"	"1.56732933350887e-05"	"0.000282119280031597"	"0"	"0"	"0"	"0"	"0"	"0"	"0"	"0"	"0"	"0"	"0"	"0"	"0"	"0"	"0"	"0"	"0"
"d__Bacteria"	" p__Firmicutes"	" c__Clostridia"	" o__Lachnospirales"	" f__Lachnospiraceae"	" g__Lachnospiraceae_NK4A136_group"	NA	"0.89483931681437"	"1"	"1"	"1"	"0.0524900126917878"	"0.0385850017012101"	"0.0405166826741172"	"0.030619433998187"	"0.058617519199825"	"0.0613869748391346"	"0.0505414048552433"	"0.115386785532923"	"0.0740538075695394"	"0.00275194534067185"	"0.0503624570774514"	"0.0387803433984606"	"0.0336047372316802"	"0.0167043456417985"	"0.0308043020808978"	"0.0948741663827094"	"0.0377369633260497"	"0.0102655057508331"	"0.0527148128624143"	"0.169002595476455"	"0.00493096646942801"	"0.0816991246522359"	"0.0440380298428628"	"0.00475915777329103"	"0.0472752409846768"
"d__Bacteria"	" p__Firmicutes"	" c__Clostridia"	" o__Lachnospirales"	" f__Lachnospiraceae"	" g__GCA-900066575"	NA	"0.53562074109292"	"1"	"1"	"0.820638435280054"	"0.000988031118489866"	"0.00154795287818406"	"0.000185098589353908"	"0.000453397096026034"	"0.000833466221204924"	"0.00149064588696244"	"0.0006688653096829"	"0.00332900750437285"	"0.00259917920656635"	"0"	"0"	"0"	"0"	"0"	"0.00111059153612345"	"0"	"0"	"0"	"0"	"0.00378197997775306"	"0"	"0.000949989821537626"	"0"	"0"	"0.000268827527938861"
"d__Bacteria"	" p__Firmicutes"	" c__Clostridia"	" o__Lachnospirales"	" f__Lachnospiraceae"	" g__[Eubacterium]_ventriosum_group"	NA	"0.364212689142605"	"1"	"0.47665651105948"	"1"	"0.00388323196058107"	"0.00274443401676215"	"0.00273820530005715"	"0.00289435031551119"	"0.00193868730385896"	"0.00165105886502079"	"0.0028533748548324"	"0.00660159115273938"	"0.00410396716826265"	"0.000284684000759157"	"0.000763067531476536"	"0.00621669626998224"	"0.00532938564026647"	"0.00087917608641045"	"0.00280570493336451"	"0.00408898408216911"	"0.00779542904387882"	"0.000859937654520047"	"0"	"0.00163144234334446"	"0.00363098440021517"	"0"	"0"	"0.00302855494663975"	"0.00334114213295441"
"d__Bacteria"	" p__Firmicutes"	" c__Clostridia"	" o__Lachnospirales"	" f__Lachnospiraceae"	" g__[Eubacterium]_xylanophilum_group"	NA	"0.256015518389494"	"0.29676574830167"	"1"	"1"	"0.0106912268546261"	"0.0113224842034609"	"0.0018149660708239"	"0.00113198128128751"	"0.00418081696795918"	"0.0052762229517205"	"0.00556233663113638"	"0.0307510015234441"	"0.0145918832649339"	"0.00109128866957677"	"0.0122853872567722"	"0.00187487665285179"	"0.00355292376017765"	"0"	"0.00169511339724106"	"0.0018984568952928"	"0.00354337683812673"	"0.00209609803289262"	"0.00165675126139016"	"0.0146088246199481"	"0.00152411690873229"	"0.00400352853362285"	"0.00264096130991681"	"0.00230747043553504"	"0"
"d__Bacteria"	" p__Firmicutes"	" c__Clostridia"	" o__Lachnospirales"	" f__Lachnospiraceae"	" g__Lachnospiraceae_UCG-006"	NA	"0.10387172649957"	"0.124556026944125"	"0.36406034852059"	"1"	"0.00700842588780029"	"0.00712138706455707"	"0.00122114995615345"	"0.00156193998292493"	"0.00141786731370404"	"0.00136911024496831"	"0.00321581438588593"	"0.0200304688822434"	"0.00825353397172823"	"0.00550389068134371"	"0.000763067531476536"	"0.00690744029998026"	"0.000592153960029608"	"0"	"0.00134440028057049"	"0.00214184880494572"	"0"	"0"	"0.00384065065140447"	"0.00385613644790508"	"0.000493096646942801"	"0.00156069756395467"	"0.000792288392975043"	"0"	"0.00180498483044664"
"d__Bacteria"	" p__Firmicutes"	" c__Clostridia"	" o__Lachnospirales"	" f__Lachnospiraceae"	" g__Lachnoclostridium"	NA	"0.444154892278111"	"0.809630525775903"	"0.809630525775903"	"1"	"0.00433548714735753"	"0.00531500835577814"	"0.00120534087550677"	"0.00154800011485716"	"0.00125670052333787"	"0.0017191187111542"	"0.00226584284873406"	"0.00468318004852452"	"0.0137710898312813"	"0"	"0.0011446012972148"	"0.00641405170712453"	"0"	"0"	"0.00122749590834697"	"0.00223920556880689"	"0"	"0"	"0.00376534377588674"	"0.00237300704486466"	"0"	"0.0042070977810952"	"0"	"0"	"0.00096009831406736"
"d__Bacteria"	" p__Firmicutes"	" c__Clostridia"	" o__Lachnospirales"	" f__Lachnospiraceae"	" g__Roseburia"	NA	"0.724371969316886"	"1"	"1"	"1"	"0.000753873674599361"	"0.00120757404882933"	"0.00247133498886521"	"0.00394842449491225"	"0.00287951834126534"	"0.00609498711978835"	"0.00203490900157664"	"0"	"0"	"0"	"0.00274704311331553"	"0.00177619893428064"	"0"	"0.00276312484300427"	"0"	"0.0018984568952928"	"0"	"0"	"0.0101664281948942"	"0.0152762328513163"	"0"	"0.000746420574065278"	"0.00125445662221048"	"0"	"0"
"d__Bacteria"	" p__Firmicutes"	" c__Clostridia"	" o__Lachnospirales"	" f__Lachnospiraceae"	" g__Lachnospiraceae_UCG-001"	NA	"0.283427563611112"	"1"	"1"	"0.341362198808958"	"6.58278320073727e-05"	"0.000161244599291714"	"0"	"0"	"0.000687686321569785"	"0.00123169805080952"	"0.000251171384525719"	"0.000394966992044236"	"0"	"0"	"0"	"0"	"0"	"0"	"0"	"0"	"0"	"0"	"0"	"0.00304041527623285"	"0"	"0.00108570265318586"	"0"	"0"	"0"
"d__Bacteria"	" p__Firmicutes"	" c__Clostridia"	" o__Lachnospirales"	" f__Lachnospiraceae"	" g__Marvinbryantia"	NA	"0.561458193413865"	"1"	"1"	"0.947966956843304"	"0.00100662390219931"	"0.00113757585277338"	"0.00204954954989405"	"0.00233159690286174"	"0.000773921189702588"	"0.000696486279886201"	"0.00127669821393198"	"0"	"0.00246238030095759"	"0"	"0"	"0.00157884349713835"	"0.00199851961509993"	"0"	"0.00280570493336451"	"0.000681497347028185"	"0.00602374062481545"	"0"	"0.00278635439415619"	"0.000667408231368187"	"0"	"0.000949989821537626"	"0"	"0.00129795211998846"	"0.00172817696532125"
"d__Bacteria"	" p__Firmicutes"	" c__Clostridia"	" o__Lachnospirales"	" f__Lachnospiraceae"	" g__A2"	NA	"0.08281937758202"	"0.172287476988102"	"0.148437964573615"	"1"	"0.0025051233595224"	"0.00299357626906849"	"0.000224066713428416"	"0.000548849116242042"	"0.000140814419396546"	"0.000344923475947809"	"0.000956668164115788"	"0.00468318004852452"	"0.00738714090287278"	"0"	"0"	"0.00236826524570752"	"0.000592153960029608"	"0"	"0.00134440028057049"	"0"	"0"	"0"	"0"	"0"	"0"	"0"	"0"	"0"	"0.000844886516379277"
"d__Bacteria"	" p__Firmicutes"	" c__Clostridia"	" o__Lachnospirales"	" f__Lachnospiraceae"	" g__uncultured"	NA	"0.986240607095105"	"1"	"1"	"1"	"9.40397600105325e-05"	"0.000230349427559591"	"0.000129809018481559"	"0.000317965859291331"	"3.84039325626944e-05"	"9.40700388948569e-05"	"8.74175703515953e-05"	"0.000564238560063195"	"0"	"0"	"0"	"0"	"0"	"0"	"0"	"0.000778854110889354"	"0"	"0"	"0"	"0"	"0"	"0"	"0"	"0"	"0.000230423595376167"
"d__Bacteria"	" p__Firmicutes"	" c__Clostridia"	" o__Lachnospirales"	" f__Lachnospiraceae"	" g__Blautia"	NA	"0.022289201219794"	"0.823428161394691"	"0.189600125110335"	"1"	"0.00463480948949436"	"0.0059533731375936"	"0.00109575815250223"	"0.00101197470982821"	"0.000331605596480506"	"0.000769179672456707"	"0.0020207244128257"	"0.00287761665632229"	"0.0165070679434565"	"0.00294173467451129"	"0.00183136207554369"	"0.00365107558713243"	"0"	"0.000502386335091685"	"0.000584521861117606"	"0.00228788395073748"	"0.000177168841906337"	"0.00053746103407503"	"0.00248512689208525"	"0"	"8.9653935807782e-05"	"0.00189997964307525"	"0"	"0"	"0"
