OTUID,TOTAL,AD,AP,CON
012fd906263ae98fa1e0aeae235e9510,5.666666667,0,10.83333333,6.166666667
01526cee3fdf7ad501533f8e79cee802,38.94444444,24.5,47,45.33333333
017213032a7a4e78be651d3e02fd3513,0.777777778,0,2.333333333,0
017b82a4722188c130fadc4ddf15be0f,39.72222222,88.66666667,30.5,0
01ccc9f9ab02df58812600468f9de4c3,5.111111111,13.16666667,1.166666667,1
01d2339e33c53dfb3e90191f8706855e,1.055555556,0,2,1.166666667
0221ac31aa16e6e6b7d213958446adeb,3.611111111,0,9.333333333,1.5
02626b339b82d1085401667d702c9ffc,0.222222222,0,0,0.666666667
029a724311054af606fb9072f47cbbb9,0.611111111,0,1.833333333,0
02b6a4e76404aa80af20252ab6d8edf5,1.222222222,0,0,3.666666667
02ec4fe076ee71a55f438dc91ac645ba,1.333333333,0,0,4
03827d6322ebbc35fd780b2d59d01775,9.111111111,27.33333333,0,0
03c9767edaac5ecee0a0bb25c0fbda6d,0.388888889,0,0,1.166666667
04be702b895fe5ed0568344daf564276,0.111111111,0.333333333,0,0
0524fe2272760ca36fba73e82ad77e74,1.166666667,3.5,0,0
05d2e6f2c8c334be6e9cc652426165da,0.166666667,0,0.5,0
0615eff74d0f2f3c25ad85862daab20b,0.333333333,1,0,0
062ce343b799626f07c788c476cb9186,3.666666667,3.666666667,0,7.333333333
064791d92071ba6a21ef57488796dacb,1.888888889,0,5.666666667,0
064ad1ad889da847966bdb0600059b99,26.94444444,0,80.83333333,0
076457e2c7128179ea6755249b641f23,2.944444444,8.833333333,0,0
0782fdaa348dd6fa9b80eae2b6333388,73.27777778,134,35.83333333,50
07d6098878b38771be900a15269acf09,6,0,8.666666667,9.333333333
07efe1dcf1b2ba7f941f4c2632ae6957,2.055555556,0,0,6.166666667
07fe146a1e0df90b9381a567078cd960,1.222222222,0,0,3.666666667
08ba5933cb112eadc3c71de7cef9d029,4,1.5,10.5,0
08ed17794e8af08e5f0fb28b4e415a5a,17.44444444,3.333333333,16.5,32.5
09782ed04138ce2dfa093f0f435b204b,1.777777778,5.333333333,0,0
09dd561731c0af24b96cc0ba6e57ec9b,0.555555556,0,1.666666667,0
0a25a8dcca0dcc62ce66d46bfddeda5a,11.16666667,0,20.5,13
0a3f05ad4a67281b9b6560ac3076aa76,1,0,3,0
0a9640c9475123ce8715a72ce95037ad,0.388888889,0,1.166666667,0
0b7aa89f029b63c62ebdbbe793c0c65f,0.222222222,0,0.666666667,0
0b89881c3eddfdba2a3e1f418496b200,0.111111111,0,0.333333333,0
0c8683fd3867df9e82c58f1c26e6a136,2.388888889,0,7.166666667,0
0d6662ad72a9d229df0cd39a5352cb6b,1.666666667,0,0,5
0d7dd2a18a632a2029783912f515a73b,0.388888889,0,1.166666667,0
0da03528d09c7777b72cdb2195beab99,10,30,0,0
0da613e8d89cfcdeaa139caf8f2506f5,0.611111111,0,0,1.833333333
0debac7bda0e8a1808ee18f1fa0fff95,5,0,15,0
0eba0dfaf3894d0cb8ae783668b2816b,0.444444444,0,1.333333333,0
0eebf22536faa70d10968eb4972b2736,15.88888889,35.66666667,8,4
0f3d5ab93a1bdff74c4c3fbe0ad3206b,19.5,37.5,8.5,12.5
0fdcb15125926008f79a128031b3448b,5.444444444,5.666666667,6.5,4.166666667
1099950f329f9b0cc24b900fcc0a0d89,0.222222222,0,0,0.666666667
10cffeae66880b9c81b6248f39f17562,1.333333333,0,0,4
112adc0ffa68eed2345db733879b40e0,11.94444444,30.5,3,2.333333333
114d2848dc929d1a26b8bfa252235155,4.166666667,0,0,12.5
1183cea45066e2b1d63ee62f59a4d069,3.444444444,10.33333333,0,0
1194d18ebb458c31461a27b976959000,0.388888889,0,1.166666667,0
11ea8da3179e422f7c55632508ff7ef5,3,9,0,0
11f677d62a3ec0969a65966eb7050c7f,30.61111111,73,0,18.83333333
123e8afb142134d5ba98230fad9af166,10.66666667,1,20,11
12f86a506e45fc587b5b643030d5b629,5.388888889,2.666666667,3,10.5
1427410368a7fecb6d56d735437d5ba1,1.5,4.5,0,0
143d26e50f457d01671a14213d117218,0.222222222,0,0,0.666666667
1499e5ab221fb759ce2d3763ac56b759,1.222222222,0,0,3.666666667
14bbdef7888394af48a13ea2bd927db7,2.5,0,5.333333333,2.166666667
151e42d762610156c1ecec31f8acfa87,1.222222222,1.333333333,1.5,0.833333333
15a00c122a16115d832cab88e5a4a918,0.166666667,0,0.5,0
15f9cc80e07dea12aa7f52aaa52a749e,0.166666667,0.5,0,0
160efa2a41c4cec475f79506e42374ca,183.5,168.6666667,220,161.8333333
169426fb63cf4456256ca973996ac586,1.777777778,1.5,3,0.833333333
16c6f384c3a28228f7b68b1154c7feec,0.611111111,0,0,1.833333333
16cd2aac20c25e86ac42480fb9d61b14,0.5,1.5,0,0
16d389a6f02ef11e7016e1aadc83f261,4.777777778,0,14.33333333,0
17ab34201671f799caffcc3d27b70a2c,12.77777778,24.83333333,3,10.5
183fe7e529396a44d1650b3b478d7314,0.888888889,1.5,1.166666667,0
18884cbc0f457899b5467702b80f29b2,5.277777778,1.833333333,5.166666667,8.833333333
1996e1aa486e155bae39e6865a49c191,5.277777778,14.16666667,1.666666667,0
19d1ac8febd7ed7dcecb8d12eb4954c1,7.777777778,5.333333333,18,0
1a1f4973124dc9816375efc812ac2a21,0.333333333,0,0,1
1a4aa7c6e548084c519369e2661255c6,24.11111111,43,7.333333333,22
1a54657afd268b0d7e1d5893d79ad619,1.888888889,0,5.666666667,0
1ac26d21ffae184b4aa30672114cac5f,1.944444444,0,5.833333333,0
1b1866acfc4e964443f0a1ab12a7216d,0.555555556,1,0.666666667,0
1b1d113910d331f5ff136ff118ae0258,0.888888889,0,2.666666667,0
1b51626e808a16839964bc946cea6daf,0.222222222,0.666666667,0,0
1bcc8306e8924428b96b4731de22e4cc,4.277777778,10.5,1.5,0.833333333
1be897ba1ae9fde0a82ba4d0c71f159b,18.88888889,0,4.833333333,51.83333333
1befc77b7e0b0f10dcc5881704e9db92,0.666666667,2,0,0
1c6bc1a18afda1dc4316e54d7cecab99,3.666666667,0,11,0
1c92e8da0f4c5f73d3b4fa51588725d7,0.944444444,0,0,2.833333333
1d279a1860327ae774e3796a6bb14a9b,3.666666667,0,0,11
1d38c507dc4df6a761f9eb7fd995f157,0.222222222,0,0.666666667,0
1d42257239e8407396cd155b16ad2a3f,3.111111111,1.5,4,3.833333333
1dcd69ae1c723546e7f87854061452f6,6.277777778,0,0,18.83333333
1dd262d9d575ef6578f11013578935a3,0.444444444,0,1.333333333,0
1e088f9138870333c0385bb506f3f8b0,0.555555556,0,0,1.666666667
1e1143b781d6fb2c3c607275ab84f2f7,0.111111111,0,0.333333333,0
1e4a25e88c4c547b41d40a6f630c3896,15.83333333,40.16666667,7.333333333,0
1e7899bf6421f1f36b3a84fdfe5e1bfe,0.5,0,0,1.5
1ef8eb325e4c5613e7c5d580951f6217,2.666666667,0,8,0
1f001c2c28e0efe142b711ae98db6335,1.777777778,5.333333333,0,0
1f200ef50380f90d7630860660aa1a2f,1.777777778,5.333333333,0,0
1f78872e14ef66392dbb931869c134ad,3,0,0,9
1f7fe50110d76705b612812e25966029,0.888888889,0,0,2.666666667
20f78d29e3b8a9354bd440d0d1316e34,0.333333333,0,0,1
2173688f3c2254db2cf905a6c350bf79,6.333333333,8,4,7
21a1e0c27c5db9fe1d5d9cc3a7a044ea,0.388888889,0.666666667,0,0.5
22b84641981d2389b1938b0e5dbdad21,0.222222222,0.666666667,0,0
23389a84b5739cc81c733bc0db2d22a7,0.388888889,1.166666667,0,0
2338e16dcfef0e1b5cb27da81fe59664,356.1666667,390.5,522,156
24c4fc8d92f312082431066119d04204,0.111111111,0,0.333333333,0
24dc8767676a9e8ba6de699f80d24e7a,0.055555556,0.166666667,0,0
25362e54b2396a81f9e113419dd98905,0.666666667,0,0,2
25a192f0b729be243d04cc593fdfccce,1.666666667,5,0,0
25f70f12e551826633afa8769428f90a,0.666666667,2,0,0
2600eb1fc8569dc356b031c82a282aa0,5,6.166666667,4.5,4.333333333
26672648de2181a2c04ca33e88a1afd1,0.833333333,2.5,0,0
26e23794e07c317178b6881a0521e3ce,0.222222222,0,0,0.666666667
273314edefe5cc51abc11266f8d0c074,0.111111111,0,0,0.333333333
2734cae6fb1193b99fa501d6168b273e,2.222222222,0,0,6.666666667
275f5d7388062a98d2bdce0dd59bfd7d,10.38888889,5.666666667,21,4.5
277fdf63cae1ed08041a21be01b91953,23,67.66666667,1.333333333,0
280bb2b566730f0f4789993ca17ff357,0.111111111,0,0.333333333,0
280cee65d2c6f4f04cb4c12450e0ce84,0.444444444,0,1.333333333,0
283bb90bbef8d5eaa4ff6fddc6725806,0.111111111,0,0,0.333333333
28c8823588cb4b3946d2de7685605e61,1.666666667,0,0,5
29ba1135e5ed248a64839a8571230863,18.94444444,10.66666667,10.33333333,35.83333333
2a7a5cb9153f70133cb37251e8374117,9.888888889,0,0.666666667,29
2ac69717065b96e5ac45137ad1c725a3,0.611111111,1.333333333,0.5,0
2b036c10ab6b64e84b22b84711aef6ef,4.111111111,0,3.5,8.833333333
2b7c0068298ebe7bad8d7debd9795f6c,0.111111111,0,0.333333333,0
2bd2f1b380bc3255d4532f30690431bf,3.666666667,11,0,0
2bf06c9a8754351bc68c7fefd8b6151b,15.5,9.666666667,19.33333333,17.5
2c3a5409306662337b339e7c79e65dda,0.111111111,0,0,0.333333333
2c72272f87ad3fb1bb14bc3c2477a2d0,0.111111111,0,0.333333333,0
2d16b7f72c11e9b2bb521f49193629ec,12.33333333,29.5,3.833333333,3.666666667
2d23d5207120d2a9f97aa5863ef04387,1.5,4.5,0,0
2d257553a6e4a29d1049474d2805c1fb,21.72222222,53.83333333,6,5.333333333
2d54bddc534353d4747ec1ffe430dfd1,1.055555556,3.166666667,0,0
2d7cbd5bbe37bf0a7e96d6a1029236ac,1,0,3,0
2e44846592a14c5147ccb92700a49a77,2.944444444,0,0,8.833333333
2eb2b317e3106a477a34836339150858,15.61111111,12,26.5,8.333333333
2f2b710b6e43a7e2e0d375c48d9c0c9d,0.333333333,0,0,1
2f3367988d9c042e164281d72e718b9b,81.22222222,137.3333333,29.83333333,76.5
2f37f6dfd5a9e76f2de09f6b7c189a6a,0.333333333,0,1,0
2f84e0f713ad12b7f80d875da9bd194a,8.888888889,20.33333333,6.333333333,0
30df889925fa7e6e7c2cb1b2d2ce8b45,0.333333333,0.166666667,0,0.833333333
3111f9924447489571a8ab8981721b20,0.722222222,0,0,2.166666667
31d6aa6610ab0dcb62cc7c884fb6d15f,7.944444444,23.83333333,0,0
32833a4c9aee19c697d504bb90cb45da,1.111111111,0,0,3.333333333
32c2759f0dd9ff9d0820daa70f8f5012,1.222222222,1.333333333,0,2.333333333
338e6f8d061eb6d15b4464f42ba41b7d,0.666666667,0,2,0
33ca47e9f0205462bd8ce281f2ba04df,0.888888889,0,2.666666667,0
34153e727eec04478be507cc5343405a,0.388888889,0,0,1.166666667
3422b9ae8482a9d14c0c6fdca9b608ab,6.555555556,5.666666667,4.666666667,9.333333333
348e85fdde75503a9c70539e268160bd,3.777777778,11.33333333,0,0
3566069e568a445eac1cc7eb548f79f2,21.33333333,55.33333333,3.666666667,5
356da847aaba77cabf4595d038fd2b68,6.166666667,0,5.833333333,12.66666667
35a3793bfe7609c7fc9f902a17aaf85f,47.05555556,72.16666667,44.16666667,24.83333333
35e21dd72be7afa8f7dc732852eaa935,8.166666667,22.66666667,0,1.833333333
363f843a8c637fe3e3bbc5de02733fe5,4.555555556,0,0,13.66666667
36e3241bea3768e4123c414f63716333,1.722222222,0,0,5.166666667
36e7d485787d726a0e16bff74100463e,47.11111111,38.33333333,40.16666667,62.83333333
37044cafc044a11885b013464c542d7a,2.222222222,0,1.666666667,5
370745f4994532cbc8f85559ac466cd5,1.555555556,0,0,4.666666667
374fced2de6dd515a1a3b1bc551e96de,0.166666667,0,0,0.5
37f201fc1c3d0347425aff977b59966a,0.777777778,0,2.333333333,0
38ed7202efb87e3468f28422c76f6a86,41.72222222,29.33333333,71.5,24.33333333
397e544c44b9ba06015ca6352cff347d,0.388888889,1.166666667,0,0
39ca424228e2fe8224a68252d7c1dfc5,3.944444444,1.833333333,5.166666667,4.833333333
39eb4d3fe8af4312ca2464ba2f4c0166,4.277777778,0,4,8.833333333
3a44b2d738787e926e9c65457ceafe77,0.055555556,0.166666667,0,0
3af1ce1958d93626781ddb08138c1555,14.72222222,42.16666667,2,0
3bf444ae891a8eaacb3203ca1760e075,1.611111111,3.5,1.333333333,0
3c118102f97c7b184f46f5a5328dafb1,7.555555556,4.666666667,12.5,5.5
3cc95b4e921d346d6cd11e2c74d528dc,0.5,0,0,1.5
3d3b82b078ec8acbc61ecf0ed892de0b,1.388888889,4.166666667,0,0
3e30d599c689f3356023ab445fe36eb0,5.833333333,3.333333333,2.333333333,11.83333333
3e6595ac31223c240b2c73f2061d36d5,7.777777778,11.33333333,12,0
3f46b2bc8f3d87c25b777b0c7945fac8,0.611111111,0,0,1.833333333
3fa1ee424efcd2e25413a80335310d63,0.111111111,0,0.333333333,0
3fdecf19232f899f07783c6b46092604,0.388888889,0,0,1.166666667
403a6ac50d66a24d8c79e92972cbbb90,1.777777778,0,0,5.333333333
40b6b949c5e42b864ea5782bd4a43968,4.166666667,0,7.666666667,4.833333333
4114b7b263ee2d2a9bad28c67a843e9d,0.444444444,1.333333333,0,0
41632864d52fe7b93113df78081cc4e2,0.277777778,0,0,0.833333333
418516f907a044dc4a050a956456a790,6.611111111,13.5,6.333333333,0
4198bc0678289afc0831795d2a84cbf6,0.444444444,0,1.333333333,0
41b3129038117b7c9e14dda9ef77dbd1,4.722222222,0,4.833333333,9.333333333
41db16c6a1283c169a5ee756951c5dd9,0.111111111,0,0,0.333333333
41fd2b938a586046060e0e7aef256239,0.277777778,0.833333333,0,0
420d881a84e6d4c4cb39df539c091fc8,0.555555556,1.666666667,0,0
42690539aa399c812b99bc18ad34b6b7,198.0555556,496.3333333,15.83333333,82
433825ff409a5a1f3942dc18cf044c1b,0.111111111,0.333333333,0,0
43c0fc4c910b2b2e814cc513fa1216cf,3.055555556,0.833333333,3.5,4.833333333
43f9a946f7131f61842f933579052866,1,1,0.666666667,1.333333333
4493e43c6ebf1a3f28f4d12497eb4698,6.888888889,0,0,20.66666667
44ae901157d54424d8ae08e9a9ae9704,2.277777778,0,6.833333333,0
44bd1efc8d03b8e1153d643564b15e9c,0.777777778,0,2.333333333,0
44cae38ace30f54ee81cc5c5b2ce47eb,0.444444444,0,1.333333333,0
4576b43e6b018f7b1f62eb9802d179f8,8.055555556,17,0,7.166666667
45ac4dd5ac6a33903b3fae14faff2115,60.44444444,53.5,70.83333333,57
45e1a91277b9e60c848b17f6d3f818db,11.5,19.16666667,12.33333333,3
4607b7404b3f99f59b4e415b329e7a6f,5,3.5,6.833333333,4.666666667
462b8f1780130500d37b2256e177b1e4,82.44444444,57.16666667,128.8333333,61.33333333
46564d59d3c490d0845a3519e8379869,1.277777778,0,0,3.833333333
46c4bb9712e0a90290c4cbcf56d860a3,1.333333333,2.166666667,0,1.833333333
46efaedf0b7cefe9460531c9c6364bd1,19.05555556,53.33333333,0,3.833333333
47244f9384887abc2c7313e0ab7fc4ea,0.944444444,2.833333333,0,0
475b206b5a66ff74a0bf4ac3a0e6bc0b,0.166666667,0,0,0.5
47cf03a1d7cc50e2b29ecef29f36e820,0.111111111,0,0,0.333333333
48205a6d596055905fa0dbf9ed794863,0.777777778,0,2.333333333,0
48c9e882b29135c86dbd16bc9e6946a5,5,3.833333333,6.666666667,4.5
49d100f9906bf4d6aeeb9472dc402f89,0.166666667,0,0,0.5
49da2429319bb8bab3d9139319699d74,29.38888889,44,29.16666667,15
49ef9259c2311579bd3f3f9fb115047a,5.055555556,0,14.16666667,1
4a381e3446c64651b44ec50a250817d8,0.333333333,0,1,0
4a5ca2c1b01a086ac047342cae74a6bc,2.111111111,0,1,5.333333333
4ae778fee19dbfc68145878b4ab296ec,1.555555556,0,4.666666667,0
4b0ae96ba7d2990898244875daeb029c,3.888888889,0,4.666666667,7
4b2cc6806d84fe7aa0a80569014c09f7,0.222222222,0,0.666666667,0
4c2da45e460a2cb09b961edc7cdd3bb2,0.722222222,0,0,2.166666667
4c58adf77739e2e77c30556ea55b2d32,0.888888889,0,2.666666667,0
4d24f63a4ee56e1d36b9143f8609c04e,0.111111111,0,0.333333333,0
4dfe3eb93ed9776d8ea7e0681ed1f9b6,0.666666667,0,1.166666667,0.833333333
4e2630b73e34af7d8844ba855211b1a0,0.777777778,0,0,2.333333333
4e59c0041d4c780cbee9e361beb8fca2,6.444444444,17.16666667,2.166666667,0
4e5dbd89de2ddd68d6e4d327717bb6c6,7.888888889,6.5,12.66666667,4.5
4ee9c1b57eb6f789cb2d57c4cb2f783f,0.111111111,0,0.333333333,0
4f766035212579d0ea8e0b1b795ed8bf,3.222222222,1.333333333,4.5,3.833333333
4f7c3af6e8663b0870f0ed5d16d9e49a,2.166666667,0,1.5,5
4f8f23e3992e5e15e8033515108217de,21.72222222,39.5,25.66666667,0
5033b6951462e70ee6301ce9c9ebe8c5,1.666666667,3.5,0,1.5
50be19a8d2830242681ea095a3b01b5a,3.444444444,3.666666667,1.666666667,5
5105f91b1b28ae7ee4dafb34c84c8fff,12.5,5.5,20.66666667,11.33333333
510b4a5f48086701416ab699f4056bad,43.22222222,40.66666667,51,38
512898f314cce3e1e8a8323c36fef6e1,27.72222222,0,45.33333333,37.83333333
51b3e51d2d8fd6795294c65064c93eec,1,0,0,3
51dbca22f7469bb00e4379845bc1fb83,2.555555556,0,0,7.666666667
51e2f60e2e3871c998d391de0caac8bf,10.05555556,5.5,18.83333333,5.833333333
5201655aa9cf2f7ace465410a878f312,9.222222222,0,11,16.66666667
531ab4c63ec669ee00972774562309de,59.83333333,50,99.16666667,30.33333333
536c260407b5480c266a72004a8c6ccd,0.222222222,0.666666667,0,0
547f80f193a2881abc9f7026b92ad352,975.3888889,590.8333333,702.1666667,1633.166667
55569d0a471f84ff78ebf6cd42f083bf,5.222222222,15.66666667,0,0
56ccacfbbe8f56be55f3740e1f106abe,2.666666667,0,2.5,5.5
571f85b5db8d7d352c500e3097160aa1,0.111111111,0,0.333333333,0
574947bc3b2c96ddd1c1752046ba01eb,0.111111111,0,0,0.333333333
574b5592d3f088b14174abd838866651,9,3.166666667,14.83333333,9
57a2780152d4c79535f9c71d21c87db8,10.33333333,15.66666667,15.33333333,0
58038055caa314c384db91ebb63e2902,2.444444444,6.333333333,1,0
5848f6c0f80056b2150a449b5f38b3bd,1.111111111,0,0,3.333333333
5869a42e31899d7780629f0716109cf5,4,7.166666667,4.833333333,0
58cb1f714adaedf60dd49adf273eaf59,0.777777778,2.333333333,0,0
593d065c43a666a4107f3b14d3181bfe,8.166666667,0,0,24.5
594e2d8eb1e556986abce909e8b09ffc,6.277777778,4,8.833333333,6
59d1a85628793ccb23ab44f255226b15,0.388888889,0,1.166666667,0
5ac019b3b36d7a79722a10ab043c4bef,0.166666667,0.5,0,0
5c33db7c460ec1200192e97fda0dbb2e,4.277777778,0.833333333,6.166666667,5.833333333
5c47bef8f5da9056d79608d94aec1606,0.388888889,1.166666667,0,0
5cbf0b2efd8f80a169ab74ad33079e39,1,0,0,3
5cccb749e8c283919cc185f2e25c8565,0.666666667,0,2,0
5d06951cab74f080ed1f8581c7cbfdf6,5.777777778,2,12,3.333333333
5d2f0d410604218eab1553c0ba95e87b,0.444444444,0,0.666666667,0.666666667
5d3041aa731be2695ce5893b43076e02,2.444444444,2.5,4.833333333,0
5dd973a030569248ca96ad682787eeb0,0.222222222,0,0,0.666666667
5e17a5cb4962111829d5a3162b84253a,2.611111111,0,7.833333333,0
5e59e92b5203cf88b45515feb4dd90a1,1.388888889,2.666666667,1.5,0
5e61e1707fb2129594d211ba454470e4,6.222222222,0,0,18.66666667
5ed5a1891a09adf426bf256d58494dc8,15.83333333,2,3.666666667,41.83333333
5f5ca726fd3f6d6e6a1b3f6811443574,0.555555556,0,1.666666667,0
5fb94f804715b4d90f191c413efef44e,110.8333333,53.66666667,16,262.8333333
5fc6f86d85f03ca7537c25730cfcf460,0.944444444,0,0,2.833333333
5fc798b1df3bcda5e68c5d88d8d39402,0.444444444,0,1.333333333,0
600c9f3de23a5834c65cdf6b56a7c81d,0.277777778,0.833333333,0,0
6010509f0fb5b3456410405a3ab013bd,0.777777778,0,0,2.333333333
605c17c16f33905999869770413b1a8f,0.555555556,0,1.666666667,0
6166cd8b69d6af6ba6e209d4d4f839eb,0.388888889,1.166666667,0,0
6216ac91ccb6fcb35c42af895d76fca3,0.722222222,2.166666667,0,0
6260bcc30e89c8a76a19a1856119c587,2.555555556,7.666666667,0,0
633986f25dacddd71be7f93667c0698e,3.111111111,3.5,2,3.833333333
63a54eea7fab6fa833b58a42c8ebf1f8,0.5,1.5,0,0
63afd5222bbcd2d49e083f44f9da3aba,3.611111111,4.166666667,2.5,4.166666667
64849bcfdeafe20a484dacaa977328b3,3.111111111,0,3.166666667,6.166666667
64ec23bbacc27e5722f89417bb862c68,0.444444444,0,0,1.333333333
654c629392a9dc666b681833938d785c,0.333333333,0,1,0
6653c92dc7618280b132aeae2a9291cc,8.222222222,6,7.833333333,10.83333333
666fefaeb47f3141846c043009098eb6,3.5,0,10.5,0
668316497189c0c158711815de76dec2,0.111111111,0,0,0.333333333
683aada938c65b71b6f281012d0d257b,45.66666667,20.5,82.5,34
68d030b7e708ecc13d8f3cec5de977a4,0.333333333,0,1,0
68f8f7604872a6d4fed9b2b43064aee4,1.277777778,0,3.833333333,0
68fa6eb93675602681b474cb0ce9048b,4.166666667,8.333333333,1.333333333,2.833333333
692908d9e8dc244214e861f18774ffb2,9.111111111,13,2.333333333,12
694f413b53b76692d2bf1cd02091399c,574.3888889,49.33333333,709.5,964.3333333
6b34d59835b77db6bc62c89c1eabde0b,2.277777778,0,0,6.833333333
6b92c0dfde94e01d7eb99d2054c77497,1.555555556,2.5,0,2.166666667
6bf2840673de7a07c6136b4d66f9d325,10.22222222,1.666666667,0,29
6c1bfd075db534f844351ffc0b8d4f6a,1.222222222,0,3.666666667,0
6c31248aab400bbb31133caffa277913,7.611111111,14.66666667,8.166666667,0
6cb3f6fd935a831537c9052b9a4284e2,2.5,3,4.5,0
6d26cf14a267d2be14f2c5c6524e3f84,14.11111111,15.16666667,14.66666667,12.5
6d94ad7799a01df0a525a125c6246f7e,0.111111111,0,0.333333333,0
6de89a7f3f4c4935de7823e5729416f4,0.111111111,0,0.333333333,0
6ded34f7b682053ff5b9b7e4ef929a22,10.44444444,14.66666667,6.833333333,9.833333333
6e019166f485dbd32194a2d44edc4df1,0.833333333,0,2.5,0
6e408cc3ba68e93a8d2a36d67381d445,152,113.6666667,154.3333333,188
6e4d95842a0cae9e21b538e8ed99b34d,2.055555556,6.166666667,0,0
6e68a3370037593908fa7837d0d66c81,0.111111111,0,0,0.333333333
6ec2b2eb686d8f62db101849f0744d6e,0.722222222,2.166666667,0,0
6ec37daa396eb7394e7958cbaebe668b,0.333333333,0,0,1
6effbd2be9f793ea5295f877770c51ed,171.7777778,91.83333333,322.8333333,100.6666667
6f196f110f8f466aab948250105bedd7,0.5,1.5,0,0
6f9ba20837b8830fd396b63636074215,0.222222222,0,0,0.666666667
7063183370922c8b131fd30058593501,4.777777778,0,1.833333333,12.5
70ccc60eef16412b7023c4ac6641f6cd,0.888888889,0,2.666666667,0
713be73748483aef292180e9d0cc0210,2.777777778,0,3,5.333333333
72bc22315544a201ede9dec6af150e98,4.944444444,0,1.666666667,13.16666667
74a161fc1e467ad0d4aa28d7e35f7479,0.444444444,0,0,1.333333333
74a4886b0aa290a2fa8ca0d908b2f912,0.5,1.5,0,0
74b35ae658465e7512c2b61f7906c907,213.3333333,281.6666667,273.1666667,85.16666667
74bcd29b01bcbe0d1abe1c5e26eec0e8,0.111111111,0,0.333333333,0
7604f4f89594f923ac1cf31a38880c5e,0.944444444,2.833333333,0,0
76130162b8af1cec6a2efaffcf0e9154,2.333333333,4.666666667,2.333333333,0
7643e215cbe9703dd7abe9d4488265b3,1.444444444,0,4.333333333,0
77c25cf90fc6b99d02c4d1f242803ee8,2.111111111,6.333333333,0,0
783d1e50542235ebffaed7e3cc5ffd6d,1.666666667,1,0.5,3.5
785a624a55ee5dab4966dfc4d63e7a4d,0.555555556,1.666666667,0,0
78719309d76cb95f30db21b7eff615c3,0.444444444,0.833333333,0,0.5
788fa73da2d45445a6055bd634945d43,0.444444444,1.333333333,0,0
78e755f22b31aebfc49ec971c9e25f82,4.277777778,0,3.166666667,9.666666667
7966f669971b26c2d74342a85e4c3880,16.44444444,0,23,26.33333333
79a9d2c3929074a416360f2c49d9e818,12.94444444,1.5,10.83333333,26.5
79e3e1a15fc3c30b2c6b9b0a46830a5a,0.388888889,0,1.166666667,0
7a171e8173fb3b2eebf9da24f94c4882,22.44444444,23.83333333,31.16666667,12.33333333
7a8561bed18f71eaf74b43d4d92d2176,14.72222222,22.66666667,14.66666667,6.833333333
7ab0f5fd995b7d157e375b1520f8c635,1.277777778,3.833333333,0,0
7ac5d6c23412507ac3b32e6d205c1aca,2.555555556,0,7.666666667,0
7af3bd38f0f164d41ea3c8afa361ef51,6.722222222,2.833333333,15.5,1.833333333
7ca8e4ee1186c7392d160a7dc543b6de,1.722222222,5.166666667,0,0
7e0317f7ea7da7ba2121b612bbee1602,0.277777778,0,0,0.833333333
7e3d9240b698c6bf8fc56676d35a7151,26.05555556,61.66666667,16.5,0
7f6014bee7c27dce9aa46dbe30ee4351,2.388888889,7.166666667,0,0
801703b9ac2077fb6039e27673fe9250,0.111111111,0,0.333333333,0
806700bc9b7d560422f7c164b3bd8e6d,14.72222222,0,32.66666667,11.5
8146deefacadef2055916d06c19a3abd,1.5,0,4.5,0
81d39a75c4b6f966a8d4e03decd37b35,0.5,0,0,1.5
81eb81acfe3c3b0fe1b0359689c88151,0.444444444,0,1.333333333,0
8234b5d702df430c632de9a72590849e,0.555555556,1.666666667,0,0
8281a4e3d20ba7701d1b22bc6a5cc274,1.555555556,4.666666667,0,0
83060f4da8b5d59469fa63dcb7fb9ae4,1.222222222,3.666666667,0,0
8383a9394d839568543ff7a5decb1956,18.05555556,15.16666667,25,14
838d0736efd9295506133747708054b9,0.666666667,0,0,2
8400b734c4ae6e29f117f0898c88e998,13.94444444,14.16666667,22.83333333,4.833333333
8431ce797c88c8ae073512bf2145e2ae,12.5,8.5,20.66666667,8.333333333
8475722b5af046e39bbcf71852911d88,0.555555556,1.666666667,0,0
850fc8381d6fc19a74e163682a3c65f4,2.388888889,5.333333333,0,1.833333333
851e5232eb7b349147288db209486f5f,7.222222222,21.66666667,0,0
853cddc1b946f0d43a0716ac206af2bd,0.555555556,0,0,1.666666667
8570b079ecb551d3b852a2decf2f34f6,1.166666667,3.5,0,0
85ed3d8c30f1cf7ad10a011d18724cab,0.944444444,0,2.833333333,0
88176c6a714b06d688c7281005f30f8e,0.055555556,0,0.166666667,0
886286b87bf39aded1a0a1fe156b4122,1.777777778,5.333333333,0,0
88ee1afef4d1eef84df08ed59359d002,0.888888889,0,0,2.666666667
893084e9acd8dab780c2194205954fda,0.222222222,0,0,0.666666667
89a6c15cf31792ba04d17860e9492227,46.5,94.33333333,0,45.16666667
8ae299fe8aa39820660e7e6746ff1aae,2.166666667,4.833333333,1.666666667,0
8bb80798528ee07dc94c4a66868cd392,15.05555556,19.83333333,21,4.333333333
8bee12c45f4dc4dfc7ade55870939c3d,0.777777778,2.333333333,0,0
8c8cd1cc4122ee8bbed77056f0065457,2.166666667,0,0,6.5
8cbb635faeb95440eb5b52abe134ac3d,295,381.5,390.8333333,112.6666667
8cef63ffe031742d411b2cf7039528d9,6.833333333,11,3.833333333,5.666666667
8d0c34bb6dc7de3524ce44b28eb15257,0.111111111,0,0,0.333333333
8d78ce934c43a8b36ce2c5ab4318a192,0.555555556,0,0,1.666666667
8e8d8626220eac1ef6f7fb2080aa938f,1.277777778,1.166666667,0,2.666666667
8e9e6e5f622f9a4a5196e7eea6fa6d7a,0.777777778,0,2.333333333,0
8eff78d0b5b6f6333392c4f9148cb540,17.72222222,49,1.666666667,2.5
90070bdb717e07254a704e23de24e334,4.722222222,12.5,0,1.666666667
9066cdf0811ee0e606b6f0ef73860609,0.222222222,0,0,0.666666667
90fc910ad1434734b1e55c6a5c7ab9eb,0.111111111,0,0,0.333333333
9171265989ee178c441ad28afbf9dffa,0.166666667,0.5,0,0
91d440a73841493d3eb3092b020e3319,0.111111111,0,0,0.333333333
92c3e9828b72f5125d67007e640f2785,0.555555556,1.666666667,0,0
9323bba95371261842328729e8a5c2fb,0.166666667,0.5,0,0
939ebd9bd7a6eae4062b93537a84c65d,7.166666667,0,0,21.5
942c85a5ce30e27155622d82ef326bc2,18.11111111,0,16.33333333,38
94ef16ff9afb7eb33a92518cb4c063cb,0.722222222,0,2.166666667,0
952c1fdc4c8295d4742b25f65e8c514a,28.33333333,16.33333333,34,34.66666667
95d3dbd617f91106ba8cc3bcb26f8d9b,0.722222222,0,0,2.166666667
96603dabde822238f48c2994b45788db,0.666666667,0,2,0
967238c58c08cdaadb0d9beb32588307,0.111111111,0,0.333333333,0
96f1df5356b17e2d4b6eefc878357fcb,123.4444444,45.66666667,224.1666667,100.5
971577d146be3b80cdc7fed9a7ef1533,9.277777778,6.166666667,21.66666667,0
973360718cfb0d1806d43527cb25adb3,40.33333333,121,0,0
97ccb7279e702b364b30af7401d483ef,6.444444444,0,0,19.33333333
987e547ebf8cab92d43f1d4dd99e0552,1.222222222,2.666666667,0,1
98c96cf1a8d4ce090682ec03dc56cc0f,21.55555556,29.83333333,34.83333333,0
98f02b7aa870b3d271333bc9660db91f,3.277777778,0,0,9.833333333
98fcc7e4135d41152d2db711de5c1255,9.166666667,5.5,18.16666667,3.833333333
9a9f34bd312afabc037651632ab4294c,1.388888889,0,0,4.166666667
9aa6b6dc6d70c5e763d47a4353144107,0.166666667,0,0,0.5
9b3495085364f87a3bbadad3fe0fe52a,4.5,1,8.166666667,4.333333333
9c27410265c4c0f8558f6d01a3282755,45.27777778,11,79,45.83333333
9c7bd185ed83458005e4f6cfd7f9a096,0.944444444,0,2.833333333,0
9d1231e9a3e3361b978bbff3c3b158a8,1.277777778,3.833333333,0,0
9d5e0ad5255570159134088975331f19,2.777777778,8.333333333,0,0
9d81ad3b3c4fa998c967ca91c2278849,0.111111111,0,0.333333333,0
9e194cf62ff1a0452c4436c017a595a5,0.111111111,0,0,0.333333333
9e1ac459c5d8f5495b61ae4fd3ca3f27,1.722222222,5.166666667,0,0
9e7125a102db8951720ec539b4e78113,0.611111111,0,0,1.833333333
9eae7c99eef0776c8920ba9ab0c2b8b4,0.611111111,0,0,1.833333333
a08e51322ac5413f32389f362e518aef,225.2222222,370.3333333,109.3333333,196
a0ed3c259f6fceaaed3ef1b212339fb9,8.833333333,15.83333333,2.833333333,7.833333333
a18f63fbb021cb27d0fa3fe66101b7ed,2.055555556,3.5,2.666666667,0
a1a801fa7a6a810bcaa95b672cc45d79,0.166666667,0.5,0,0
a1b177320d5a1f43a414ff5bf50d6490,8.444444444,23.66666667,1.666666667,0
a2219a9d615b767a7a93a2d7973dcc69,8.777777778,14.5,7.166666667,4.666666667
a25f3714d9c6e1182774b9f1708c264b,433.5555556,202,354.1666667,744.5
a30e6cf2f96f909077895294fe9cdb23,26.38888889,12,20.16666667,47
a33e83f023ba5e1cd862d4fb4860c07b,0.277777778,0,0.833333333,0
a395edbcb5a5d2fdd42e3a3baffd555d,1.611111111,2.5,0,2.333333333
a3aea2eefdb2882f03e08556a089f85c,20.88888889,0,62.66666667,0
a3ff16ae7ca90d2955fac77ebffc08e5,1.055555556,0,3.166666667,0
a47b4dc7cfdd15e4a610732ce5d2a494,15.61111111,15.33333333,9.833333333,21.66666667
a5b1bb2d17ef157e0f0dcf77b0276bd7,5,0,1.166666667,13.83333333
a5e2f15ca16051f06368b83adff956e3,0.944444444,0,2.833333333,0
a61f45cdf31d948cfec00ccb21bb98f1,0.555555556,1.666666667,0,0
a6bde860f1975c36c1c92f76851a0c6c,28,42.83333333,41.16666667,0
a6ec8ace9ba7d81d66cdb368ea2981b7,1,1.833333333,1.166666667,0
a71cdb983f4aa92f7986bbba79bdf852,147.0555556,91.83333333,256.8333333,92.5
a7a3757df1cc2c6c776b071cc2bb45e3,0.111111111,0,0.333333333,0
a7c079da939ab8ea89e4b4531c4e0588,3.611111111,2.333333333,8.5,0
a7fa662426ce3e2cae4b02bd81dbcd35,0.055555556,0.166666667,0,0
a83260ae5efd41945859904e88a99c81,0.388888889,0,0,1.166666667
a8c1c05eb02c629d48ea5650f8f49118,2,0,0,6
a8eb3e86e896febff5f3e223f84ba94b,19.61111111,18.66666667,13.83333333,26.33333333
a98806e7219f134139c7c08cb513dff0,56,44,62,62
a9a0015052b629976dfce94f3aa37c1c,1.722222222,0.666666667,1.166666667,3.333333333
a9e655b715af0d6d1678bfb882216f1e,1.666666667,0,1.833333333,3.166666667
aae071649568194b47df46feee11da03,0.444444444,0,0,1.333333333
ab44862dfbb39d25dd3f5f93a63244c7,33.44444444,46.16666667,34.83333333,19.33333333
ab562aadf89a7b6e0439c1309aac25c4,2.055555556,0,3.833333333,2.333333333
ab710f55903115ee90699942c8c803b2,1.611111111,4.833333333,0,0
ab7e99e2abf0e0abe74672af0eeb2dd3,0.722222222,2.166666667,0,0
ac1a97cb6ef73c044b75b06c16c343bc,112.8888889,55.16666667,195.5,88
acc18bd166c367b52d66b8300fe75431,3.555555556,0,0,10.66666667
ad7fef1eb05c4d800c4aa48761a6cfc2,0.333333333,0,0,1
adf57f5765096438bf7bbd04326d627a,0.277777778,0,0,0.833333333
ae36f0cd816a360f704fc02e23d77b28,3.888888889,1.5,8.333333333,1.833333333
ae3f6629c79d8e960dec7e51975b0a3d,0.111111111,0.333333333,0,0
ae7f6b4b755c6bbd1eea0fe8a466909f,1.166666667,0,3.5,0
af10a138550c12fd6312e6db89d4a813,0.111111111,0,0,0.333333333
af8d8c5035e2e91ae2e5f55c67224a88,2.666666667,1.166666667,6.833333333,0
b029c3969abc11b1fc37e198e5cd264e,15.88888889,0,41,6.666666667
b05cb6d606346e0838a1658e7f5d81cf,9.555555556,18.5,5.666666667,4.5
b11d516ae81b6b7b860daa2be226649a,0.277777778,0,0,0.833333333
b14865baa1e41907fdf5844a8be6ca38,2.055555556,0,0,6.166666667
b15d7a4b2fbf7682696a9ba03f953641,2,6,0,0
b1bc415e9c5d9d60f5e4dca30d4da9b7,0.111111111,0,0,0.333333333
b20b8aa4bd244d965316a278875a1469,326.4444444,253.8333333,358.5,367
b21bbd9f9a9ee207b793d76c06672371,23.55555556,9.333333333,17,44.33333333
b3dcc0fd3cd0c82ded1f95e29eb47ffe,0.277777778,0,0,0.833333333
b4cc321368085c41af257f75e83793b3,1.388888889,0,0,4.166666667
b4ec94217791dc0bab580d4288ade796,1.166666667,0,0,3.5
b529c8dda4b277b828ebe9b9bdc087bb,17.88888889,0,53.66666667,0
b58ea03fe3dc853f990238ff6e026e16,3.888888889,11.66666667,0,0
b5cb8a7e242db4016e15c5bf0943a9ce,0.388888889,0,0,1.166666667
b62296fda4210afbee8b33ffff02a04b,1.722222222,0,0,5.166666667
b6635d67cb594473ddba9f8cfba5d13d,9.722222222,24,5.166666667,0
b6c1a8ba78f65c4a4e96627ccc53ac86,2119.055556,2404.166667,3132.5,820.5
b6f5a4399f6bd346ea7f591db5595a02,0.388888889,0,0,1.166666667
b7409db20419d9921bb75f9b0129d9ad,7.777777778,15,8.333333333,0
b8aac847144c04285bc3bb3f60a2782f,14.11111111,42.33333333,0,0
b91b43523a9a623c12d1f6d81fe9109a,1.777777778,5.333333333,0,0
b9b10828ba7f31fb7ff57afdcdcb097a,4,0,0,12
baab695bd57246eb38ec8cbe91b87b20,164.0555556,131.3333333,190.3333333,170.5
bae39ec91c3bbfe88c9a61bdd9a3cd0a,0.666666667,0,0,2
bae742fe04fbc970339d15f8be7d5d0e,1.277777778,3.833333333,0,0
bae843c436b8cf33023622fdcf2fd7c9,0.722222222,0,0,2.166666667
bb6295910294ee12c63ceb279a77862c,1.055555556,0,3.166666667,0
bbcfe9ddd51ab083d446b0bb03f59068,0.111111111,0,0.333333333,0
bbf314ff5ed38dd900afce7ad8750a10,1.5,0,0.5,4
bc5355f3a294bc01a50e64cd8fdd2151,0.722222222,0,2.166666667,0
bc870ddc91fc262ea74d6247a1d07076,8.611111111,12.33333333,13.5,0
bccbf865db1bae1077517bd21170722d,7.222222222,6.666666667,12,3
bddee504424cb052101e5a151585d733,19.05555556,38.5,0,18.66666667
bf049c9a4193cfd12d1742544a6f764c,49.11111111,59.66666667,49,38.66666667
bf3c0011f140eaca642a4816236a5897,0.444444444,0,0,1.333333333
bf62a4ab99a8241d5a7c8a5b395c9bb0,1.444444444,4.333333333,0,0
bf72f1454587c6b069dfa8ff3e42ff84,13.61111111,20.5,15.83333333,4.5
c0028e84ca13284d9d090359d70675f3,8.666666667,0,26,0
c049ceac629663b633fcfb00df36d77c,0.611111111,0,1.833333333,0
c052a9548dafdb7e60155e80657eceeb,2.611111111,5.166666667,2.666666667,0
c08d56a2152f3584bc080b7234a0c6eb,0.277777778,0,0,0.833333333
c0a472775f09ea4c7c8618c1cccaddfd,4.388888889,13.16666667,0,0
c0ced053b7bc5a9f80a2def2ff5d208d,1,3,0,0
c129a59d5e98f814e0d02634b04f88d2,1.444444444,0,0,4.333333333
c1a63e2da7ca4e2a04fed8822dee335b,4.944444444,0,11.5,3.333333333
c1ed9ef4fcc459687603cc299ad66f57,5.055555556,3.5,2.333333333,9.333333333
c398ca4d4866208a95890ca567be7730,0.666666667,0,0,2
c433f31e4fe69a210d1081400785aa2e,0.833333333,0,0,2.5
c4fb58da9aff3c83c971c488ebd3cb70,2.222222222,6.666666667,0,0
c625a1db96ab91c4bc591c0964ad2e53,47,24.5,12.33333333,104.1666667
c68da04e2127a198e9df423c0f133308,3.777777778,3,2.666666667,5.666666667
c7257bd17077580eef9a39f461d4106d,11,23.16666667,3.666666667,6.166666667
c728a625f2af18289115ab4b7627ff71,0.333333333,0,0,1
c76f665700ef7f180098d2f07e135253,1.611111111,3.833333333,0.333333333,0.666666667
c7e9700eba384f1ae9d29e2a4225d3f5,2.5,1.5,6,0
c80631da280c0bb3921d4fd9e2f163b3,0.222222222,0,0.666666667,0
c8b7e5ee0a6ebe6aeea605224e9a491c,0.277777778,0.833333333,0,0
c9505132018840cefe4e0bddac4d9bec,0.388888889,1.166666667,0,0
c958cbbf678c72d81532c9524793133f,0.888888889,0,0,2.666666667
c98a88d7223d51f3036702ae226208e4,1.166666667,0,0,3.5
ca24aba12f71cec6b04f7c7bbf858970,0.333333333,1,0,0
cb7b937fdccf682f018b57aa6b9d92b2,15.22222222,0,0,45.66666667
cbcac742ee0fe0fc0887caec139df345,0.944444444,1.166666667,0,1.666666667
cc317363688ee459f5eabf6de028af01,0.111111111,0.333333333,0,0
cc317e92246b4428b3aee0ede910c48c,7.444444444,19.16666667,2.5,0.666666667
cc835cc7ebc38d0e1d73df0367a8a232,10.44444444,5.333333333,23.5,2.5
ccb2f7758da8224d78b4320a96557bf3,0.111111111,0,0,0.333333333
ccd8d159fb729f3445532bc326600d8d,1.5,0,0,4.5
cd33d521d1dfcb297336e993ca998d2d,3.444444444,0,0,10.33333333
cd80dd1cd9e3c865247031431704a396,1.722222222,0,0,5.166666667
ce186b1b765739648883b5233c15b2bc,1.888888889,0,0,5.666666667
ce2c967a3c7bf7381e7ae5d2835091a4,3,7.666666667,0,1.333333333
ce56a7072318d0d48b6d0cf11e232d16,4.222222222,12.66666667,0,0
cedd868c934a96c93be6be397d6906f3,0.222222222,0,0.666666667,0
cf027e595318e96b4d9b1f117910a192,0.277777778,0,0,0.833333333
cfb74a6ad6ae05af94a1dcea08532ee5,1.166666667,0,3.5,0
cffd8f7b44bd7d963294d60cc67092dd,0.666666667,2,0,0
d0a152210e2ca09c67ee88a1b3a26ab3,1.166666667,3.5,0,0
d0f41727c87529f0b22ed5754324f937,6.166666667,18.5,0,0
d187bafb45edd127a9c101cb07c20e09,3.111111111,9.333333333,0,0
d1b3c24bee11d73dd5a01f0747390e5b,0.111111111,0.333333333,0,0
d202f3307c961e13204522d055c7ce59,1.111111111,0,3.333333333,0
d216699703c6b92ccd7d442f757e4f73,0.111111111,0.333333333,0,0
d272bf25781448dde9031a24679a9012,355.5555556,360.8333333,394,311.8333333
d2a1963d56a6de56da5199954610f855,0.444444444,0,0,1.333333333
d2a42cbb202318280734739d972f7978,0.222222222,0,0,0.666666667
d2b123302fb5a94596cb2fe094c8dad7,2.222222222,6.666666667,0,0
d2db856518fd766a454c3e2f8e8679f0,125.1666667,26.16666667,207.6666667,141.6666667
d33d84f90d2924040cf2eb66c7abe2fc,4088.666667,2586.5,2979,6700.5
d45736b6f82debb4d08dfca41d6847da,1.444444444,0,2.5,1.833333333
d47c3e0c088f9573cf1fef5c3a32b048,11.38888889,24.83333333,7.333333333,2
d56eaa36a4b7bef8907a79d5b40dbf5f,0.333333333,0,1,0
d585fd2188706c6e80793a7b50b3a779,2.944444444,0,6.666666667,2.166666667
d5ec353771b0d1c54dfe52f2e2d9a089,0.111111111,0.333333333,0,0
d5f054df843833cf00325882a9d6f8a8,15.38888889,33.16666667,5,8
d69ec305e55c09fb5227943d19503f8b,0.444444444,0,1.333333333,0
d6f6819315230e8d29170aa908269c34,4.444444444,0,0,13.33333333
d7520dd99322ba43ae4332d331315af1,32.44444444,0,19.5,77.83333333
d81e5971134008e59c9a6753f80f12cd,0.222222222,0,0.666666667,0
d905189c7cc95dd740900394eacb4d9f,0.166666667,0,0.5,0
d9f8c1e1d4dae43bf4e90ddea0712d58,0.833333333,0,2.5,0
da341a94f4697dab148d34ccbdad9ed8,0.777777778,0,0,2.333333333
da894e460bcf635cf1b20e0c9361a4db,0.722222222,1.166666667,0,1
dae851685e5b5cce4b86f1d0f66641fc,0.222222222,0,0.666666667,0
db24050d1b1c55d82cc94544698c3670,55.77777778,3.5,32,131.8333333
db79c4d460a806bc26e762c2be4c76d4,0.277777778,0.833333333,0,0
dba42fd5fa555c066ec22372dd68225c,1.555555556,1.5,2,1.166666667
dbbe813b201ec15a7877822b79adb5b0,0.055555556,0,0.166666667,0
dc9cbbd1b7de998b82fea899957ca40a,0.055555556,0.166666667,0,0
dcd1ed4e7a5785653cfca1c50cc62cf2,14,17,25,0
dd743437a8d4cbd4fae3e2274b64e7fc,8.555555556,12.16666667,13.5,0
dd80586956db79d480f6a5cd69017286,2.166666667,0,5,1.5
ddf507751b49961b729adbcef3eaf3c7,1.5,2.5,0,2
de086ad2ea3d649a4a98cffd1c6d31a9,0.111111111,0,0.333333333,0
deabfa9b86859ef2403b750939009ee3,5.444444444,7.166666667,9.166666667,0
dee5f395664a71de3c2c34c4bfff411a,2.888888889,0,8.666666667,0
dfa833b266bd2993b86feab3617b34c3,1.611111111,1.5,0,3.333333333
e00af2fd551160e54cee46d7bb7cc763,0.555555556,0,0,1.666666667
e014683cd1c94833812146d299696709,0.555555556,0,1.666666667,0
e0b0a7ad510ead979385562710216501,0.277777778,0,0,0.833333333
e12cb15d3f1ac7cc13b68f6324088339,4.777777778,0,0,14.33333333
e175ffa8dcd0c86ee36d1cf2e0bb16e0,1.277777778,0,0,3.833333333
e1d098412c88700cbd3c119e7c62f2ca,2.944444444,0,8.833333333,0
e1e11bd34a38fa815033a3d66a912a2f,0.222222222,0,0,0.666666667
e29c99f8a4c9617e4ea6e88c27f33c92,0.666666667,0.833333333,1.166666667,0
e2eb5c0101662445b8fecbbc45b1c275,4.722222222,1.5,7.5,5.166666667
e304bdb0262a6b1d89d61b74cb36e168,2.333333333,7,0,0
e315aec29cb2e804509ed6df185ebb16,0.833333333,0,0,2.5
e399a15427ead6c8a6557f052e0fcd32,1.555555556,0,4.666666667,0
e3a1ce78be71c193d48a59ac3788a6fc,13.61111111,29,11.83333333,0
e3a7e679803930e26907d816d2e6b7b3,0.611111111,0,0,1.833333333
e41375bd06424fdf1659448e6416bfd2,353.3333333,423.1666667,223.8333333,413
e59eee9966629f136b8a5a48c7e64728,0.555555556,0,0,1.666666667
e64adc3e5db5e317355902efa6e1a28e,10.66666667,15.16666667,13.5,3.333333333
e68232c813113acedf433f2403824273,8.722222222,21.66666667,0,4.5
e6b05a69bc7fa8dc428caa3d409c9fbb,6.722222222,4.333333333,12.16666667,3.666666667
e6d0647a222b16af885e120a1cdee720,0.5,1.5,0,0
e7aa26a79f359504c44572a115aa826b,1.277777778,3.833333333,0,0
e8aaedc4c0d09855711590eaae9f2da6,0.222222222,0,0.666666667,0
e8ad6d88ff8cddfcfd8a4d724cee15e1,2.333333333,0,7,0
e8ed0907c731eee94b9cf18c7d2663dd,144.7777778,434.3333333,0,0
e94a9da4bdf2d1d6fd8b6216ea53a5ab,1462.666667,2085.166667,1757.5,545.3333333
e9b2dd709e597470d2d8ded16c2bad44,18.38888889,7.333333333,18.66666667,29.16666667
eaa1b8f83e64d38c1a2d60a817056d36,0.111111111,0,0,0.333333333
eabd41028b3b1a9535b2cfe48549ae7f,2.944444444,7.166666667,1.666666667,0
eb2a1bdda09ad78fccd11bbf24d218ac,1.333333333,0,0,4
eb68501e24a861edb62cad3324f965cf,2.5,1.833333333,0.333333333,5.333333333
ed9b4b764e352bbceae25babfc6f6acb,10.61111111,0,29.66666667,2.166666667
edc87298bf055f439613382eda59bb49,0.277777778,0,0.833333333,0
ee88800fb63646d8ffbffb52664c9ea7,0.333333333,0,0,1
ee906f614e4ebc7b3a733dddb7312508,1.555555556,1,3.666666667,0
eef5233fe8f458a87e488b0141cbf062,0.222222222,0,0,0.666666667
ef14bca2d48add8a0a2c6ed6d82df58c,2.111111111,6.333333333,0,0
efd16e2812ba5e6e2dac44acccf7ca0e,0.111111111,0,0.333333333,0
f085fc752da0d9f6b53bda5a3544d75e,2,3,0,3
f17a432d453766621511d977f2055939,0.722222222,0.666666667,1.5,0
f1af9421e9f77622ee75388247a564f5,0.166666667,0,0.5,0
f211fa3ad27d25782d9e790b71e3d355,0.833333333,0,0,2.5
f24661c2241ba01165750dce08c99208,0.388888889,1.166666667,0,0
f24fb97f9535ab02ce6f7913c70cc0ee,54.44444444,61.16666667,37.66666667,64.5
f29dd546a8a13a23d642556853baa9bc,10.16666667,19.83333333,10.66666667,0
f30e34615227fb494c91d21f07600494,0.111111111,0,0.333333333,0
f34fd15993e221eafdd334d97aebc8c9,0.388888889,0,1.166666667,0
f367f1804562637beda20b5f0f1844dc,8.5,0,12.5,13
f3af51f3f43889493bd30ca85a993721,0.5,0,0,1.5
f4443734566f96c1ab12e6e5b28b1e9b,1.444444444,0,2.166666667,2.166666667
f448b68d3f43ee04b9c47209ae186801,3.944444444,1.5,6.5,3.833333333
f49b6dab9667b7929bb08a81b4d58ab1,17.05555556,13.5,17.66666667,20
f4b946aa0c512befbc9abcc303de0c8c,1,0,3,0
f4fac2a0b9f60fc53422f64f8e1c4fd5,6.5,17,2.5,0
f4ff14d3f52ba2184c15467038504692,0.166666667,0,0.5,0
f5210c9c83b265473ce108300278d8bf,6.388888889,17.33333333,0,1.833333333
f59ee6e40c4438a5d32b2bd1e7a6c50b,0.111111111,0,0,0.333333333
f5dc601245b2bf7af6d9592b78f3306f,0.222222222,0,0.666666667,0
f615ac13e0ad288606206ef6e51ff00f,1.666666667,2.666666667,2.333333333,0
f6ab4281ac86631132d95041834e11c9,3.333333333,5,0,5
f6dff704745f31eac456a5be103981c8,9.388888889,22.83333333,5.333333333,0
f7d0518f8796d07ecdb3c489994f856f,0.5,0,0,1.5
f858bcb19c610e0187ebd60bda2d7c84,0.333333333,0,1,0
f85bb0a7fb3c6424429c7c02dba024d1,0.611111111,0,1.833333333,0
f864a9bb7b607fb3e1fa9c79b238c56d,0.333333333,0,0,1
f91d3b38973a1fa96271b404adbecbbc,0.277777778,0,0.833333333,0
f95f4498cbba179a0ee30f2ae73b98b8,0.222222222,0.666666667,0,0
f9e09116bd536c0a53c6f31d7ded2371,0.388888889,0,1.166666667,0
fa18371d7062793ea19a315790b69117,0.5,0,0,1.5
fa56c0d5b7183160f19ad598b8c108e2,5.555555556,3.166666667,12.5,1
faf31accab2461c7365cff2f5b58408e,2.833333333,0,8.5,0
fb07aa62419f07119874d68515a83da1,6.277777778,0,0,18.83333333
fb2395b2587180bb262f26c5bb10a5c2,54.72222222,124,38.33333333,1.833333333
fc7bca7e6ec63b7d0a2f9cd2f566a854,4.111111111,5,7.333333333,0
fd3f0ad2379a32c7bf86a3133e5b1879,16,6,26.16666667,15.83333333
fde66059cf3ed856e815c98d66b562b6,0.111111111,0,0.333333333,0
fe033ae5b9559770d1b4b40cfc3f41c0,80.66666667,182.8333333,16.5,42.66666667
fe119f8087ac2c3ec65a74b29d92c2a5,2.555555556,1.5,6.166666667,0
fe3932c155e9d06370740434d53dd491,3.777777778,0,11.33333333,0
fe5f196fca47cf421dcaf2106ff627bc,1.666666667,0,0,5
fe84fcb1126e45b77237b6cab44283fa,0.722222222,0,2.166666667,0
fecf5a38dc9e203a485cfef20640d579,0.5,0,1.5,0
ff4764132b8938ee8ba5cf5cd156be12,1.944444444,5.833333333,0,0
ff651bd7b0bf6148e158f353fc40b47d,1.888888889,1.5,2,2.166666667
ff74de69263e439518e4316d6d97440d,3.222222222,0,0,9.666666667
ffa86e7079d7cb07f856b11c71beb5c2,0.166666667,0,0,0.5
ffb64c1000d6bddd49e4d839ef69059c,2,0,0,6
ffc36e27c82042664a16bcd4d380b286,1.388888889,4.166666667,0,0