normalized	AD1	AD5	AD6	AD8	AP2	AP3	AP4	AP5	AP6	AP7	CON1	CON3	CON4	CON5	CON6	CON8
012fd906263ae98fa1e0aeae235e9510	0.0	0.0	0.0	0.0	33.0	25.0	0.0	0.0	0.0	7.0	20.0	0.0	17.0	0.0	0.0	0.0
01526cee3fdf7ad501533f8e79cee802	0.0	0.0	51.5	0.0	0.0	41.5	16.5	17.0	25.0	41.0	66.5	15.0	0.0	20.5	0.0	33.5
017213032a7a4e78be651d3e02fd3513	0.0	0.0	0.0	0.0	0.0	0.0	0.0	3.5	0.0	0.0	0.0	0.0	0.0	0.0	0.0	0.0
017b82a4722188c130fadc4ddf15be0f	0.0	0.0	197.0	240.0	44.0	63.0	76.0	0.0	0.0	0.0	0.0	0.0	0.0	0.0	0.0	0.0
01ccc9f9ab02df58812600468f9de4c3	53.0	7.0	0.0	0.0	0.0	0.0	0.0	0.0	0.0	7.0	0.0	0.0	6.0	0.0	0.0	0.0
01d2339e33c53dfb3e90191f8706855e	0.0	0.0	0.0	0.0	7.0	5.0	0.0	0.0	0.0	0.0	7.0	0.0	0.0	0.0	0.0	0.0
0221ac31aa16e6e6b7d213958446adeb	0.0	0.0	0.0	0.0	23.0	23.0	10.0	0.0	0.0	0.0	0.0	0.0	0.0	6.0	0.0	3.0
02626b339b82d1085401667d702c9ffc	0.0	0.0	0.0	0.0	0.0	0.0	0.0	0.0	0.0	0.0	4.0	0.0	0.0	0.0	0.0	0.0
029a724311054af606fb9072f47cbbb9	0.0	0.0	0.0	0.0	0.0	0.0	0.0	0.0	0.0	11.0	0.0	0.0	0.0	0.0	0.0	0.0
02b6a4e76404aa80af20252ab6d8edf5	0.0	0.0	0.0	0.0	0.0	0.0	0.0	0.0	0.0	0.0	0.0	0.0	22.0	0.0	0.0	0.0
02ec4fe076ee71a55f438dc91ac645ba	0.0	0.0	0.0	0.0	0.0	0.0	0.0	0.0	0.0	0.0	0.0	0.0	24.0	0.0	0.0	0.0
03827d6322ebbc35fd780b2d59d01775	0.0	0.0	11.5	0.0	0.0	0.0	0.0	0.0	0.0	0.0	0.0	0.0	0.0	0.0	0.0	0.0
03c9767edaac5ecee0a0bb25c0fbda6d	0.0	0.0	0.0	0.0	0.0	0.0	0.0	0.0	0.0	0.0	0.0	0.0	7.0	0.0	0.0	0.0
05d2e6f2c8c334be6e9cc652426165da	0.0	0.0	0.0	0.0	0.0	1.5	0.0	0.0	0.0	0.0	0.0	0.0	0.0	0.0	0.0	0.0
0615eff74d0f2f3c25ad85862daab20b	0.0	0.0	0.0	6.0	0.0	0.0	0.0	0.0	0.0	0.0	0.0	0.0	0.0	0.0	0.0	0.0
062ce343b799626f07c788c476cb9186	0.0	0.0	11.0	0.0	0.0	0.0	0.0	0.0	0.0	0.0	0.0	0.0	8.0	0.0	0.0	14.0
064791d92071ba6a21ef57488796dacb	0.0	0.0	0.0	0.0	0.0	0.0	0.0	34.0	0.0	0.0	0.0	0.0	0.0	0.0	0.0	0.0
064ad1ad889da847966bdb0600059b99	0.0	0.0	0.0	0.0	73.5	169.0	0.0	0.0	0.0	0.0	0.0	0.0	0.0	0.0	0.0	0.0
076457e2c7128179ea6755249b641f23	20.0	0.0	0.0	0.0	0.0	0.0	0.0	0.0	0.0	0.0	0.0	0.0	0.0	0.0	0.0	0.0
0782fdaa348dd6fa9b80eae2b6333388	314.0	0.0	0.0	0.0	40.0	0.0	56.0	0.0	15.0	103.0	27.0	143.0	64.0	24.0	11.0	31.0
07d6098878b38771be900a15269acf09	0.0	0.0	0.0	0.0	0.0	0.0	18.0	12.0	0.0	22.0	10.0	16.0	21.0	0.0	9.0	0.0
07efe1dcf1b2ba7f941f4c2632ae6957	0.0	0.0	0.0	0.0	0.0	0.0	0.0	0.0	0.0	0.0	37.0	0.0	0.0	0.0	0.0	0.0
07fe146a1e0df90b9381a567078cd960	0.0	0.0	0.0	0.0	0.0	0.0	0.0	0.0	0.0	0.0	0.0	0.0	22.0	0.0	0.0	0.0
08ba5933cb112eadc3c71de7cef9d029	0.0	0.0	0.0	0.0	0.0	0.0	0.0	0.0	0.0	63.0	0.0	0.0	0.0	0.0	0.0	0.0
08ed17794e8af08e5f0fb28b4e415a5a	0.0	0.0	20.0	0.0	0.0	0.0	0.0	0.0	0.0	99.0	174.0	0.0	0.0	19.0	0.0	0.0
09dd561731c0af24b96cc0ba6e57ec9b	0.0	0.0	0.0	0.0	0.0	10.0	0.0	0.0	0.0	0.0	0.0	0.0	0.0	0.0	0.0	0.0
0a25a8dcca0dcc62ce66d46bfddeda5a	0.0	0.0	0.0	0.0	0.0	0.0	0.0	0.0	0.0	123.0	0.0	0.0	0.0	0.0	0.0	78.0
0a3f05ad4a67281b9b6560ac3076aa76	0.0	0.0	0.0	0.0	0.0	0.0	18.0	0.0	0.0	0.0	0.0	0.0	0.0	0.0	0.0	0.0
0a9640c9475123ce8715a72ce95037ad	0.0	0.0	0.0	0.0	0.0	7.0	0.0	0.0	0.0	0.0	0.0	0.0	0.0	0.0	0.0	0.0
0b7aa89f029b63c62ebdbbe793c0c65f	0.0	0.0	0.0	0.0	0.0	0.0	4.0	0.0	0.0	0.0	0.0	0.0	0.0	0.0	0.0	0.0
0b89881c3eddfdba2a3e1f418496b200	0.0	0.0	0.0	0.0	0.0	0.0	0.0	0.0	0.0	2.0	0.0	0.0	0.0	0.0	0.0	0.0
0c8683fd3867df9e82c58f1c26e6a136	0.0	0.0	0.0	0.0	0.0	0.0	12.0	0.0	0.0	0.0	0.0	0.0	0.0	0.0	0.0	0.0
0d6662ad72a9d229df0cd39a5352cb6b	0.0	0.0	0.0	0.0	0.0	0.0	0.0	0.0	0.0	0.0	0.0	30.0	0.0	0.0	0.0	0.0
0d7dd2a18a632a2029783912f515a73b	0.0	0.0	0.0	0.0	0.0	0.0	0.0	7.0	0.0	0.0	0.0	0.0	0.0	0.0	0.0	0.0
0da03528d09c7777b72cdb2195beab99	7.67	0.0	0.0	0.0	0.0	0.0	0.0	0.0	0.0	0.0	0.0	0.0	0.0	0.0	0.0	0.0
0da613e8d89cfcdeaa139caf8f2506f5	0.0	0.0	0.0	0.0	0.0	0.0	0.0	0.0	0.0	0.0	0.0	0.0	0.0	11.0	0.0	0.0
0debac7bda0e8a1808ee18f1fa0fff95	0.0	0.0	0.0	0.0	0.0	29.0	39.0	0.0	0.0	22.0	0.0	0.0	0.0	0.0	0.0	0.0
0eba0dfaf3894d0cb8ae783668b2816b	0.0	0.0	0.0	0.0	0.0	0.0	8.0	0.0	0.0	0.0	0.0	0.0	0.0	0.0	0.0	0.0
0eebf22536faa70d10968eb4972b2736	34.0	29.0	22.0	17.0	21.0	14.0	0.0	0.0	0.0	13.0	0.0	13.0	0.0	11.0	0.0	0.0
0f3d5ab93a1bdff74c4c3fbe0ad3206b	48.5	30.0	4.0	4.0	0.0	0.0	0.0	0.0	0.0	25.5	26.0	5.5	0.0	6.0	0.0	0.0
0fdcb15125926008f79a128031b3448b	0.0	0.0	7.0	0.0	0.0	20.0	0.0	19.0	0.0	0.0	0.0	0.0	25.0	0.0	0.0	0.0
1099950f329f9b0cc24b900fcc0a0d89	0.0	0.0	0.0	0.0	0.0	0.0	0.0	0.0	0.0	0.0	0.0	0.0	0.0	4.0	0.0	0.0
10cffeae66880b9c81b6248f39f17562	0.0	0.0	0.0	0.0	0.0	0.0	0.0	0.0	0.0	0.0	0.0	0.0	24.0	0.0	0.0	0.0
112adc0ffa68eed2345db733879b40e0	0.0	0.0	0.0	0.0	0.0	0.0	18.0	0.0	0.0	0.0	7.0	0.0	7.0	0.0	0.0	0.0
114d2848dc929d1a26b8bfa252235155	0.0	0.0	0.0	0.0	0.0	0.0	0.0	0.0	0.0	0.0	0.0	75.0	0.0	0.0	0.0	0.0
1183cea45066e2b1d63ee62f59a4d069	0.0	0.0	62.0	0.0	0.0	0.0	0.0	0.0	0.0	0.0	0.0	0.0	0.0	0.0	0.0	0.0
1194d18ebb458c31461a27b976959000	0.0	0.0	0.0	0.0	0.0	0.0	0.0	0.0	0.0	7.0	0.0	0.0	0.0	0.0	0.0	0.0
11ea8da3179e422f7c55632508ff7ef5	10.25	0.0	0.0	0.0	0.0	0.0	0.0	0.0	0.0	0.0	0.0	0.0	0.0	0.0	0.0	0.0
11f677d62a3ec0969a65966eb7050c7f	381.0	0.0	13.0	0.0	0.0	0.0	0.0	0.0	0.0	0.0	93.0	8.0	11.0	0.0	0.0	0.0
123e8afb142134d5ba98230fad9af166	0.0	0.0	0.0	0.0	0.0	33.0	0.0	61.0	0.0	25.0	9.0	0.0	0.0	0.0	18.0	39.0
12f86a506e45fc587b5b643030d5b629	0.0	0.0	0.0	0.0	0.0	2.75	0.0	0.0	0.0	1.75	0.0	2.25	6.5	4.0	0.0	3.0
1427410368a7fecb6d56d735437d5ba1	0.0	27.0	0.0	0.0	0.0	0.0	0.0	0.0	0.0	0.0	0.0	0.0	0.0	0.0	0.0	0.0
143d26e50f457d01671a14213d117218	0.0	0.0	0.0	0.0	0.0	0.0	0.0	0.0	0.0	0.0	0.0	0.0	4.0	0.0	0.0	0.0
1499e5ab221fb759ce2d3763ac56b759	0.0	0.0	0.0	0.0	0.0	0.0	0.0	0.0	0.0	0.0	0.0	0.0	0.0	22.0	0.0	0.0
14bbdef7888394af48a13ea2bd927db7	0.0	0.0	0.0	0.0	0.0	10.0	0.0	0.0	0.0	21.0	8.0	0.0	0.0	5.0	0.0	0.0
151e42d762610156c1ecec31f8acfa87	0.0	0.0	0.0	3.0	0.0	0.0	0.0	9.0	0.0	0.0	0.0	0.0	5.0	0.0	0.0	0.0
15a00c122a16115d832cab88e5a4a918	0.0	0.0	0.0	0.0	0.0	0.75	0.0	0.0	0.0	0.0	0.0	0.0	0.0	0.0	0.0	0.0
160efa2a41c4cec475f79506e42374ca	0.0	50.25	100.25	53.75	68.75	68.5	49.0	32.5	46.75	64.25	27.5	87.25	28.5	24.75	35.5	39.0
169426fb63cf4456256ca973996ac586	0.0	0.0	0.0	0.0	0.0	0.0	0.0	0.0	0.0	18.0	0.0	0.0	0.0	5.0	0.0	0.0
16c6f384c3a28228f7b68b1154c7feec	0.0	0.0	0.0	0.0	0.0	0.0	0.0	0.0	0.0	0.0	11.0	0.0	0.0	0.0	0.0	0.0
16cd2aac20c25e86ac42480fb9d61b14	0.0	0.0	0.0	9.0	0.0	0.0	0.0	0.0	0.0	0.0	0.0	0.0	0.0	0.0	0.0	0.0
16d389a6f02ef11e7016e1aadc83f261	0.0	0.0	0.0	0.0	0.0	0.0	0.0	86.0	0.0	0.0	0.0	0.0	0.0	0.0	0.0	0.0
17ab34201671f799caffcc3d27b70a2c	111.0	29.0	0.0	9.0	0.0	0.0	0.0	0.0	0.0	18.0	14.0	0.0	20.0	18.0	0.0	11.0
183fe7e529396a44d1650b3b478d7314	9.0	0.0	0.0	0.0	7.0	0.0	0.0	0.0	0.0	0.0	0.0	0.0	0.0	0.0	0.0	0.0
18884cbc0f457899b5467702b80f29b2	0.0	0.0	0.0	11.0	16.0	0.0	0.0	0.0	0.0	15.0	0.0	15.0	0.0	28.0	10.0	0.0
1996e1aa486e155bae39e6865a49c191	85.0	0.0	0.0	0.0	0.0	10.0	0.0	0.0	0.0	0.0	0.0	0.0	0.0	0.0	0.0	0.0
19d1ac8febd7ed7dcecb8d12eb4954c1	0.0	0.0	32.0	0.0	0.0	0.0	108.0	0.0	0.0	0.0	0.0	0.0	0.0	0.0	0.0	0.0
1a1f4973124dc9816375efc812ac2a21	0.0	0.0	0.0	0.0	0.0	0.0	0.0	0.0	0.0	0.0	0.0	0.0	0.0	1.5	0.0	0.0
1a54657afd268b0d7e1d5893d79ad619	0.0	0.0	0.0	0.0	0.0	0.0	0.0	34.0	0.0	0.0	0.0	0.0	0.0	0.0	0.0	0.0
1ac26d21ffae184b4aa30672114cac5f	0.0	0.0	0.0	0.0	35.0	0.0	0.0	0.0	0.0	0.0	0.0	0.0	0.0	0.0	0.0	0.0
1b1866acfc4e964443f0a1ab12a7216d	3.0	0.0	0.0	0.0	2.0	0.0	0.0	0.0	0.0	0.0	0.0	0.0	0.0	0.0	0.0	0.0
1b1d113910d331f5ff136ff118ae0258	0.0	0.0	0.0	0.0	0.0	0.0	16.0	0.0	0.0	0.0	0.0	0.0	0.0	0.0	0.0	0.0
1b51626e808a16839964bc946cea6daf	0.0	0.0	1.0	0.0	0.0	0.0	0.0	0.0	0.0	0.0	0.0	0.0	0.0	0.0	0.0	0.0
1bcc8306e8924428b96b4731de22e4cc	55.0	0.0	0.0	0.0	0.0	0.0	0.0	5.0	0.0	4.0	5.0	0.0	0.0	0.0	0.0	0.0
1be897ba1ae9fde0a82ba4d0c71f159b	0.0	0.0	0.0	0.0	0.0	0.0	29.0	0.0	0.0	0.0	157.0	23.0	17.0	84.0	0.0	30.0
1c6bc1a18afda1dc4316e54d7cecab99	0.0	0.0	0.0	0.0	0.0	0.0	33.0	0.0	0.0	0.0	0.0	0.0	0.0	0.0	0.0	0.0
1c92e8da0f4c5f73d3b4fa51588725d7	0.0	0.0	0.0	0.0	0.0	0.0	0.0	0.0	0.0	0.0	17.0	0.0	0.0	0.0	0.0	0.0
1d279a1860327ae774e3796a6bb14a9b	0.0	0.0	0.0	0.0	0.0	0.0	0.0	0.0	0.0	0.0	0.0	33.0	0.0	0.0	32.0	0.0
1d38c507dc4df6a761f9eb7fd995f157	0.0	0.0	0.0	0.0	0.0	4.0	0.0	0.0	0.0	0.0	0.0	0.0	0.0	0.0	0.0	0.0
1d42257239e8407396cd155b16ad2a3f	0.0	0.0	0.0	9.0	0.0	6.0	18.0	0.0	0.0	0.0	0.0	0.0	0.0	23.0	0.0	0.0
1dcd69ae1c723546e7f87854061452f6	0.0	0.0	0.0	0.0	0.0	0.0	0.0	0.0	0.0	0.0	113.0	0.0	0.0	0.0	0.0	0.0
1dd262d9d575ef6578f11013578935a3	0.0	0.0	0.0	0.0	0.0	0.0	0.0	0.0	8.0	0.0	0.0	0.0	0.0	0.0	0.0	0.0
1e088f9138870333c0385bb506f3f8b0	0.0	0.0	0.0	0.0	0.0	0.0	0.0	0.0	0.0	0.0	0.0	0.0	0.0	10.0	0.0	0.0
1e1143b781d6fb2c3c607275ab84f2f7	0.0	0.0	0.0	0.0	0.0	0.0	0.0	2.0	0.0	0.0	0.0	0.0	0.0	0.0	0.0	0.0
1e4a25e88c4c547b41d40a6f630c3896	159.0	0.0	21.0	0.0	0.0	0.0	0.0	0.0	0.0	44.0	0.0	0.0	0.0	0.0	0.0	0.0
1e7899bf6421f1f36b3a84fdfe5e1bfe	0.0	0.0	0.0	0.0	0.0	0.0	0.0	0.0	0.0	0.0	0.0	0.0	0.0	0.0	2.25	0.0
1ef8eb325e4c5613e7c5d580951f6217	0.0	0.0	0.0	0.0	0.0	0.0	24.0	0.0	0.0	0.0	0.0	0.0	0.0	0.0	0.0	0.0
1f200ef50380f90d7630860660aa1a2f	6.0	0.0	0.0	0.0	0.0	0.0	0.0	0.0	0.0	0.0	0.0	0.0	0.0	0.0	0.0	0.0
1f78872e14ef66392dbb931869c134ad	0.0	0.0	0.0	0.0	0.0	0.0	0.0	0.0	0.0	0.0	0.0	0.0	0.0	54.0	0.0	0.0
1f7fe50110d76705b612812e25966029	0.0	0.0	0.0	0.0	0.0	0.0	0.0	0.0	0.0	0.0	16.0	0.0	0.0	0.0	0.0	0.0
20f78d29e3b8a9354bd440d0d1316e34	0.0	0.0	0.0	0.0	0.0	0.0	0.0	0.0	0.0	0.0	0.0	0.0	6.0	0.0	0.0	0.0
2173688f3c2254db2cf905a6c350bf79	31.0	0.0	0.0	0.0	0.0	0.0	24.0	0.0	0.0	0.0	42.0	0.0	0.0	0.0	0.0	0.0
21a1e0c27c5db9fe1d5d9cc3a7a044ea	0.0	0.0	0.0	0.0	0.0	0.0	0.0	0.0	0.0	0.0	0.0	0.0	0.0	3.0	0.0	0.0
23389a84b5739cc81c733bc0db2d22a7	7.0	0.0	0.0	0.0	0.0	0.0	0.0	0.0	0.0	0.0	0.0	0.0	0.0	0.0	0.0	0.0
2338e16dcfef0e1b5cb27da81fe59664	442.0	1100.0	117.0	299.0	651.0	433.0	669.0	570.0	750.0	197.0	0.0	0.0	226.0	367.0	241.0	102.0
24c4fc8d92f312082431066119d04204	0.0	0.0	0.0	0.0	1.0	0.0	0.0	0.0	0.0	0.0	0.0	0.0	0.0	0.0	0.0	0.0
25362e54b2396a81f9e113419dd98905	0.0	0.0	0.0	0.0	0.0	0.0	0.0	0.0	0.0	0.0	0.0	0.0	12.0	0.0	0.0	0.0
25a192f0b729be243d04cc593fdfccce	30.0	0.0	0.0	0.0	0.0	0.0	0.0	0.0	0.0	0.0	0.0	0.0	0.0	0.0	0.0	0.0
2600eb1fc8569dc356b031c82a282aa0	0.0	0.0	5.0	6.0	4.5	9.0	0.0	0.0	0.0	0.0	0.0	5.5	0.0	2.0	0.0	5.5
26672648de2181a2c04ca33e88a1afd1	0.0	0.0	0.0	10.0	0.0	0.0	0.0	0.0	0.0	0.0	0.0	0.0	0.0	0.0	0.0	0.0
26e23794e07c317178b6881a0521e3ce	0.0	0.0	0.0	0.0	0.0	0.0	0.0	0.0	0.0	0.0	0.0	0.0	0.0	0.0	0.0	3.0
273314edefe5cc51abc11266f8d0c074	0.0	0.0	0.0	0.0	0.0	0.0	0.0	0.0	0.0	0.0	0.0	0.0	0.0	0.0	0.0	2.0
2734cae6fb1193b99fa501d6168b273e	0.0	0.0	0.0	0.0	0.0	0.0	0.0	0.0	0.0	0.0	0.0	0.0	0.0	40.0	0.0	0.0
275f5d7388062a98d2bdce0dd59bfd7d	0.0	3.0	0.0	0.0	3.75	10.75	11.25	0.0	3.0	2.75	0.0	6.75	0.0	0.0	0.0	0.0
277fdf63cae1ed08041a21be01b91953	51.0	0.0	0.0	0.0	8.0	0.0	0.0	0.0	0.0	0.0	0.0	0.0	0.0	0.0	0.0	0.0
280bb2b566730f0f4789993ca17ff357	0.0	0.0	0.0	0.0	2.0	0.0	0.0	0.0	0.0	0.0	0.0	0.0	0.0	0.0	0.0	0.0
280cee65d2c6f4f04cb4c12450e0ce84	0.0	0.0	0.0	0.0	5.0	0.0	3.0	0.0	0.0	0.0	0.0	0.0	0.0	0.0	0.0	0.0
283bb90bbef8d5eaa4ff6fddc6725806	0.0	0.0	0.0	0.0	0.0	0.0	0.0	0.0	0.0	0.0	0.0	0.0	0.0	0.0	2.0	0.0
28c8823588cb4b3946d2de7685605e61	0.0	0.0	0.0	0.0	0.0	0.0	0.0	0.0	0.0	0.0	0.0	0.0	0.0	0.0	30.0	0.0
29ba1135e5ed248a64839a8571230863	0.0	64.0	0.0	0.0	0.0	0.0	23.0	0.0	0.0	39.0	84.0	0.0	84.0	25.0	0.0	21.0
2a7a5cb9153f70133cb37251e8374117	0.0	0.0	0.0	0.0	4.0	0.0	0.0	0.0	0.0	0.0	0.0	34.0	0.0	20.0	0.0	120.0
2b036c10ab6b64e84b22b84711aef6ef	0.0	0.0	0.0	0.0	0.0	0.0	0.0	17.0	0.0	4.0	21.0	7.0	0.0	11.0	4.0	10.0
2b7c0068298ebe7bad8d7debd9795f6c	0.0	0.0	0.0	0.0	0.0	2.0	0.0	0.0	0.0	0.0	0.0	0.0	0.0	0.0	0.0	0.0
2bd2f1b380bc3255d4532f30690431bf	36.0	0.0	0.0	0.0	0.0	0.0	0.0	0.0	0.0	0.0	0.0	0.0	0.0	0.0	0.0	0.0
2bf06c9a8754351bc68c7fefd8b6151b	0.0	9.0	0.0	0.0	0.0	19.75	9.25	0.0	0.0	0.0	0.0	13.5	0.0	0.0	6.0	7.75
2c3a5409306662337b339e7c79e65dda	0.0	0.0	0.0	0.0	0.0	0.0	0.0	0.0	0.0	0.0	0.0	0.0	2.0	0.0	0.0	0.0
2c72272f87ad3fb1bb14bc3c2477a2d0	0.0	0.0	0.0	0.0	0.0	2.0	0.0	0.0	0.0	0.0	0.0	0.0	0.0	0.0	0.0	0.0
2d16b7f72c11e9b2bb521f49193629ec	83.0	0.0	0.0	8.0	0.0	23.0	0.0	0.0	0.0	0.0	0.0	0.0	0.0	0.0	0.0	21.0
2d23d5207120d2a9f97aa5863ef04387	0.0	27.0	0.0	0.0	0.0	0.0	0.0	0.0	0.0	0.0	0.0	0.0	0.0	0.0	0.0	0.0
2d257553a6e4a29d1049474d2805c1fb	28.5	0.0	7.5	0.0	0.0	10.5	7.5	0.0	0.0	0.0	16.0	0.0	0.0	0.0	0.0	0.0
2d40b65cf95502894aae61bb6692539f	5.0	0.0	0.0	0.0	0.0	0.0	0.0	0.0	0.0	0.0	0.0	0.0	0.0	0.0	0.0	0.0
2d7cbd5bbe37bf0a7e96d6a1029236ac	0.0	0.0	0.0	0.0	0.0	0.0	18.0	0.0	0.0	0.0	0.0	0.0	0.0	0.0	0.0	0.0
2e44846592a14c5147ccb92700a49a77	0.0	0.0	0.0	0.0	0.0	0.0	0.0	0.0	0.0	0.0	0.0	0.0	0.0	53.0	0.0	0.0
2eb2b317e3106a477a34836339150858	0.0	20.0	0.0	0.0	0.0	38.0	61.0	19.0	0.0	41.0	41.0	9.0	0.0	0.0	0.0	0.0
2f2b710b6e43a7e2e0d375c48d9c0c9d	0.0	0.0	0.0	0.0	0.0	0.0	0.0	0.0	0.0	0.0	0.0	0.0	6.0	0.0	0.0	0.0
2f3367988d9c042e164281d72e718b9b	336.0	0.0	44.0	22.0	76.0	0.0	103.0	0.0	0.0	0.0	222.0	46.0	191.0	0.0	0.0	0.0
2f37f6dfd5a9e76f2de09f6b7c189a6a	0.0	0.0	0.0	0.0	1.5	0.0	0.0	0.0	0.0	0.0	0.0	0.0	0.0	0.0	0.0	0.0
2f84e0f713ad12b7f80d875da9bd194a	39.0	12.0	0.0	0.0	0.0	0.0	38.0	0.0	0.0	0.0	0.0	0.0	0.0	0.0	0.0	0.0
30df889925fa7e6e7c2cb1b2d2ce8b45	0.0	0.0	0.0	0.25	0.0	0.0	0.0	0.0	0.0	0.0	0.0	0.0	0.0	1.25	0.0	0.0
3111f9924447489571a8ab8981721b20	0.0	0.0	0.0	0.0	0.0	0.0	0.0	0.0	0.0	0.0	0.0	4.0	0.0	9.0	0.0	0.0
32833a4c9aee19c697d504bb90cb45da	0.0	0.0	0.0	0.0	0.0	0.0	0.0	0.0	0.0	0.0	0.0	0.0	10.0	0.0	0.0	0.0
32c2759f0dd9ff9d0820daa70f8f5012	0.0	0.0	0.0	0.0	0.0	0.0	0.0	0.0	0.0	0.0	0.0	0.0	14.0	0.0	0.0	0.0
338e6f8d061eb6d15b4464f42ba41b7d	0.0	0.0	0.0	0.0	0.0	0.0	4.0	0.0	0.0	0.0	0.0	0.0	0.0	0.0	0.0	0.0
33ca47e9f0205462bd8ce281f2ba04df	0.0	0.0	0.0	0.0	0.0	0.0	0.0	0.0	8.0	0.0	0.0	0.0	0.0	0.0	0.0	0.0
34153e727eec04478be507cc5343405a	0.0	0.0	0.0	0.0	0.0	5.0	0.0	0.0	0.0	0.0	7.0	0.0	0.0	0.0	0.0	0.0
3422b9ae8482a9d14c0c6fdca9b608ab	0.0	0.0	20.0	0.0	0.0	0.0	0.0	0.0	0.0	28.0	13.0	10.0	33.0	0.0	0.0	0.0
348e85fdde75503a9c70539e268160bd	0.0	6.75	10.25	0.0	0.0	0.0	0.0	0.0	0.0	0.0	0.0	0.0	0.0	0.0	0.0	0.0
3566069e568a445eac1cc7eb548f79f2	52.75	6.0	5.0	0.0	0.0	0.0	5.5	0.0	0.0	0.0	0.0	7.5	0.0	0.0	0.0	0.0
356da847aaba77cabf4595d038fd2b68	0.0	0.0	0.0	0.0	0.0	22.0	13.0	0.0	0.0	0.0	54.0	0.0	0.0	0.0	0.0	22.0
35a3793bfe7609c7fc9f902a17aaf85f	140.0	59.0	72.0	0.0	30.0	46.0	40.0	57.0	0.0	92.0	42.0	5.0	72.0	0.0	0.0	30.0
35e21dd72be7afa8f7dc732852eaa935	22.5	0.0	0.0	0.0	0.0	0.0	0.0	0.0	0.0	0.0	0.0	2.75	0.0	0.0	0.0	0.0
363f843a8c637fe3e3bbc5de02733fe5	0.0	0.0	0.0	0.0	0.0	0.0	0.0	0.0	0.0	0.0	44.0	38.0	0.0	0.0	0.0	0.0
36e3241bea3768e4123c414f63716333	0.0	0.0	0.0	0.0	0.0	0.0	0.0	0.0	0.0	0.0	0.0	0.0	31.0	0.0	0.0	0.0
36e7d485787d726a0e16bff74100463e	0.0	29.0	9.25	4.25	12.5	19.0	5.5	7.5	2.75	12.75	12.25	25.75	17.5	7.0	22.75	8.75
37044cafc044a11885b013464c542d7a	0.0	0.0	0.0	0.0	0.0	0.0	0.0	0.0	0.0	3.33	9.67	0.0	0.0	0.0	0.0	0.0
370745f4994532cbc8f85559ac466cd5	0.0	0.0	0.0	0.0	0.0	0.0	0.0	0.0	0.0	0.0	4.67	0.0	0.0	0.0	0.0	0.0
374fced2de6dd515a1a3b1bc551e96de	0.0	0.0	0.0	0.0	0.0	0.0	0.0	0.0	0.0	0.0	0.0	0.0	3.0	0.0	0.0	2.0
37f201fc1c3d0347425aff977b59966a	0.0	0.0	0.0	0.0	0.0	0.0	0.0	14.0	0.0	0.0	0.0	0.0	0.0	0.0	0.0	0.0
38ed7202efb87e3468f28422c76f6a86	0.0	10.0	11.25	9.75	12.5	16.5	14.75	27.0	24.75	11.75	0.0	9.25	7.25	5.5	9.0	5.5
397e544c44b9ba06015ca6352cff347d	0.0	3.5	0.0	0.0	0.0	0.0	0.0	0.0	0.0	0.0	0.0	0.0	0.0	0.0	0.0	0.0
39ca424228e2fe8224a68252d7c1dfc5	0.0	0.0	0.0	2.75	0.0	0.0	3.5	0.0	1.75	2.5	0.0	4.5	0.0	0.0	0.0	2.75
39eb4d3fe8af4312ca2464ba2f4c0166	0.0	0.0	0.0	0.0	0.0	0.0	0.0	0.0	23.0	0.0	0.0	8.0	0.0	28.0	17.0	0.0
3af1ce1958d93626781ddb08138c1555	0.0	0.0	0.0	0.0	0.0	0.0	12.0	0.0	0.0	0.0	0.0	0.0	0.0	0.0	0.0	0.0
3b36efc09a3547af624e079b64dfe77c	8.5	0.0	0.0	0.0	0.0	0.0	0.0	0.0	0.0	0.0	0.0	0.0	0.0	0.0	0.0	0.0
3bf444ae891a8eaacb3203ca1760e075	0.0	0.0	0.0	0.0	8.0	0.0	0.0	0.0	0.0	0.0	0.0	0.0	0.0	0.0	0.0	0.0
3c118102f97c7b184f46f5a5328dafb1	0.0	0.0	28.0	0.0	0.0	0.0	0.0	0.0	0.0	75.0	0.0	0.0	33.0	0.0	0.0	0.0
3cc95b4e921d346d6cd11e2c74d528dc	0.0	0.0	0.0	0.0	0.0	0.0	0.0	0.0	0.0	0.0	0.0	0.0	4.0	0.0	0.0	0.0
3d3b82b078ec8acbc61ecf0ed892de0b	25.0	0.0	0.0	0.0	0.0	0.0	0.0	0.0	0.0	0.0	0.0	0.0	0.0	0.0	0.0	0.0
3e30d599c689f3356023ab445fe36eb0	0.0	0.0	20.0	0.0	0.0	0.0	14.0	0.0	0.0	0.0	0.0	0.0	71.0	0.0	0.0	0.0
3e6595ac31223c240b2c73f2061d36d5	0.0	21.0	0.0	32.0	0.0	0.0	0.0	0.0	72.0	0.0	0.0	0.0	0.0	0.0	0.0	0.0
3f46b2bc8f3d87c25b777b0c7945fac8	0.0	0.0	0.0	0.0	0.0	0.0	0.0	0.0	0.0	0.0	0.0	0.0	0.0	11.0	0.0	0.0
3fa1ee424efcd2e25413a80335310d63	0.0	0.0	0.0	0.0	0.0	0.0	0.0	2.0	0.0	0.0	0.0	0.0	0.0	0.0	0.0	0.0
3fdecf19232f899f07783c6b46092604	0.0	0.0	0.0	0.0	0.0	0.0	0.0	0.0	0.0	0.0	0.0	1.75	0.0	0.0	0.0	0.0
403a6ac50d66a24d8c79e92972cbbb90	0.0	0.0	0.0	0.0	0.0	0.0	0.0	0.0	0.0	0.0	0.0	0.0	0.0	0.0	32.0	0.0
40b6b949c5e42b864ea5782bd4a43968	0.0	0.0	0.0	0.0	19.0	0.0	27.0	0.0	0.0	0.0	0.0	0.0	0.0	0.0	0.0	29.0
4114b7b263ee2d2a9bad28c67a843e9d	2.67	0.0	0.0	0.0	0.0	0.0	0.0	0.0	0.0	0.0	0.0	0.0	0.0	0.0	0.0	0.0
41632864d52fe7b93113df78081cc4e2	0.0	0.0	0.0	0.0	0.0	0.0	0.0	0.0	0.0	0.0	0.0	0.0	0.0	0.0	0.0	5.0
418516f907a044dc4a050a956456a790	0.0	0.0	0.0	0.0	0.0	17.0	0.0	0.0	0.0	21.0	0.0	0.0	0.0	0.0	0.0	0.0
4198bc0678289afc0831795d2a84cbf6	0.0	0.0	0.0	0.0	0.0	0.0	0.0	0.0	8.0	0.0	0.0	0.0	0.0	0.0	0.0	0.0
41b3129038117b7c9e14dda9ef77dbd1	0.0	0.0	0.0	0.0	0.0	29.0	0.0	0.0	0.0	0.0	54.0	0.0	0.0	0.0	2.0	0.0
41db16c6a1283c169a5ee756951c5dd9	0.0	0.0	0.0	0.0	0.0	0.0	0.0	0.0	0.0	0.0	0.0	0.0	0.0	2.0	0.0	0.0
41fd2b938a586046060e0e7aef256239	5.0	0.0	0.0	0.0	0.0	0.0	0.0	0.0	0.0	0.0	0.0	0.0	0.0	0.0	0.0	0.0
420d881a84e6d4c4cb39df539c091fc8	0.0	0.0	0.0	2.5	0.0	0.0	0.0	0.0	0.0	0.0	0.0	0.0	0.0	0.0	0.0	0.0
42690539aa399c812b99bc18ad34b6b7	101.0	9.75	9.75	10.5	2.75	6.75	0.0	5.0	9.25	0.0	13.0	38.5	26.75	24.75	12.25	7.75
433825ff409a5a1f3942dc18cf044c1b	0.0	0.0	0.0	2.0	0.0	0.0	0.0	0.0	0.0	0.0	0.0	0.0	0.0	0.0	0.0	0.0
43c0fc4c910b2b2e814cc513fa1216cf	0.0	0.0	0.0	5.0	0.0	0.0	0.0	11.0	3.0	7.0	0.0	10.0	12.0	0.0	7.0	0.0
43f9a946f7131f61842f933579052866	0.0	0.0	0.0	3.0	0.0	0.0	0.0	2.0	0.0	0.0	0.0	0.0	0.0	4.0	0.0	0.0
44ae901157d54424d8ae08e9a9ae9704	0.0	0.0	0.0	0.0	21.0	0.0	0.0	20.0	0.0	0.0	0.0	0.0	0.0	0.0	0.0	0.0
44bd1efc8d03b8e1153d643564b15e9c	0.0	0.0	0.0	0.0	0.0	14.0	0.0	0.0	0.0	0.0	0.0	0.0	0.0	0.0	0.0	0.0
44cae38ace30f54ee81cc5c5b2ce47eb	0.0	0.0	0.0	0.0	0.0	0.0	0.0	8.0	0.0	0.0	0.0	0.0	0.0	0.0	0.0	0.0
4576b43e6b018f7b1f62eb9802d179f8	5.25	0.0	0.0	0.0	0.0	0.0	0.0	0.0	0.0	0.0	0.0	5.0	0.0	5.75	0.0	0.0
45ac4dd5ac6a33903b3fae14faff2115	0.0	17.5	18.5	24.75	12.25	19.5	12.0	23.25	14.5	24.5	0.0	9.5	16.0	12.25	18.0	28.25
45e1a91277b9e60c848b17f6d3f818db	0.0	0.0	48.0	0.0	0.0	0.0	0.0	16.0	2.0	19.0	0.0	0.0	0.0	0.0	0.0	9.0
4607b7404b3f99f59b4e415b329e7a6f	0.0	0.0	21.0	0.0	0.0	0.0	0.0	7.0	0.0	34.0	0.0	0.0	20.0	0.0	8.0	0.0
462b8f1780130500d37b2256e177b1e4	0.0	29.0	19.25	17.75	20.75	35.5	59.25	23.25	21.0	33.5	10.0	27.75	9.0	7.0	13.25	25.0
46564d59d3c490d0845a3519e8379869	0.0	0.0	0.0	0.0	0.0	0.0	0.0	0.0	0.0	0.0	0.0	0.0	23.0	0.0	0.0	0.0
46c4bb9712e0a90290c4cbcf56d860a3	10.0	0.0	3.0	0.0	0.0	0.0	0.0	0.0	0.0	0.0	0.0	0.0	11.0	0.0	0.0	0.0
46efaedf0b7cefe9460531c9c6364bd1	116.0	0.0	0.0	0.0	0.0	0.0	0.0	0.0	0.0	0.0	0.0	0.0	11.5	0.0	0.0	0.0
47244f9384887abc2c7313e0ab7fc4ea	17.0	0.0	0.0	0.0	0.0	0.0	0.0	0.0	0.0	0.0	0.0	0.0	0.0	0.0	0.0	0.0
475b206b5a66ff74a0bf4ac3a0e6bc0b	0.0	0.0	0.0	0.0	0.0	0.0	0.0	0.0	0.0	0.0	0.0	0.0	0.0	0.0	0.0	3.0
47cf03a1d7cc50e2b29ecef29f36e820	0.0	0.0	0.0	0.0	0.0	0.0	0.0	0.0	0.0	0.0	0.0	0.0	2.0	0.0	0.0	0.0
48205a6d596055905fa0dbf9ed794863	0.0	0.0	0.0	0.0	0.0	0.0	14.0	0.0	0.0	0.0	0.0	0.0	0.0	0.0	0.0	0.0
48c9e882b29135c86dbd16bc9e6946a5	17.0	0.0	0.0	0.0	9.0	0.0	16.0	15.0	0.0	0.0	0.0	0.0	0.0	0.0	0.0	27.0
49d100f9906bf4d6aeeb9472dc402f89	0.0	0.0	0.0	0.0	0.0	0.0	0.0	0.0	0.0	0.0	3.0	0.0	0.0	0.0	0.0	0.0
49da2429319bb8bab3d9139319699d74	99.0	49.0	0.0	11.0	0.0	58.0	0.0	32.0	15.0	70.0	33.0	0.0	57.0	0.0	0.0	0.0
49ef9259c2311579bd3f3f9fb115047a	0.0	0.0	0.0	0.0	0.0	6.67	21.67	0.0	0.0	0.0	2.0	0.0	0.0	0.0	0.0	0.0
4a381e3446c64651b44ec50a250817d8	0.0	0.0	0.0	0.0	0.0	0.0	6.0	0.0	0.0	0.0	0.0	0.0	0.0	0.0	0.0	0.0
4a5ca2c1b01a086ac047342cae74a6bc	0.0	0.0	0.0	0.0	0.0	0.0	0.0	0.0	0.0	6.0	32.0	0.0	0.0	0.0	0.0	0.0
4ae778fee19dbfc68145878b4ab296ec	0.0	0.0	0.0	0.0	0.0	0.0	0.0	0.0	0.0	28.0	0.0	0.0	0.0	0.0	0.0	0.0
4b0ae96ba7d2990898244875daeb029c	0.0	0.0	0.0	0.0	0.0	3.5	4.0	0.0	0.0	6.5	0.0	0.0	15.0	0.0	0.0	6.0
4b2cc6806d84fe7aa0a80569014c09f7	0.0	0.0	0.0	0.0	1.0	0.0	0.0	0.0	0.0	0.0	0.0	0.0	0.0	0.0	0.0	0.0
4c2da45e460a2cb09b961edc7cdd3bb2	0.0	0.0	0.0	0.0	0.0	0.0	0.0	0.0	0.0	0.0	13.0	0.0	0.0	0.0	0.0	0.0
4c58adf77739e2e77c30556ea55b2d32	0.0	0.0	0.0	0.0	0.0	0.0	16.0	0.0	0.0	0.0	0.0	0.0	0.0	0.0	0.0	0.0
4d24f63a4ee56e1d36b9143f8609c04e	0.0	0.0	0.0	0.0	0.0	0.0	0.0	2.0	0.0	0.0	0.0	0.0	0.0	0.0	0.0	0.0
4dfe3eb93ed9776d8ea7e0681ed1f9b6	0.0	0.0	0.0	0.0	0.0	0.0	7.0	0.0	0.0	0.0	0.0	0.0	0.0	0.0	0.0	5.0
4e2630b73e34af7d8844ba855211b1a0	0.0	0.0	0.0	0.0	0.0	0.0	0.0	0.0	0.0	0.0	0.0	0.0	0.0	14.0	0.0	0.0
4e59c0041d4c780cbee9e361beb8fca2	0.0	0.0	0.0	0.0	13.0	0.0	0.0	0.0	0.0	0.0	0.0	0.0	0.0	0.0	0.0	0.0
4e5dbd89de2ddd68d6e4d327717bb6c6	13.5	0.0	0.0	0.0	5.0	13.0	11.0	5.0	0.0	4.0	4.0	4.5	5.0	0.0	0.0	0.0
4ee9c1b57eb6f789cb2d57c4cb2f783f	0.0	0.0	0.0	0.0	0.0	0.0	0.0	0.0	0.5	0.0	0.0	0.0	0.0	0.0	0.0	0.0
4f766035212579d0ea8e0b1b795ed8bf	0.0	0.0	0.0	8.0	0.0	0.0	0.0	0.0	27.0	0.0	23.0	0.0	0.0	0.0	0.0	0.0
4f7c3af6e8663b0870f0ed5d16d9e49a	0.0	0.0	0.0	0.0	0.0	0.0	0.0	4.5	0.0	0.0	0.0	0.0	0.0	15.0	0.0	0.0
4f8f23e3992e5e15e8033515108217de	0.0	0.0	143.0	0.0	0.0	0.0	0.0	157.0	0.0	0.0	0.0	0.0	0.0	0.0	0.0	0.0
5033b6951462e70ee6301ce9c9ebe8c5	21.0	0.0	0.0	0.0	0.0	0.0	0.0	0.0	0.0	0.0	0.0	0.0	0.0	0.0	0.0	9.0
50be19a8d2830242681ea095a3b01b5a	0.0	22.0	0.0	0.0	0.0	0.0	0.0	0.0	0.0	10.0	30.0	0.0	0.0	0.0	0.0	0.0
5105f91b1b28ae7ee4dafb34c84c8fff	0.0	8.25	0.0	0.0	9.5	14.75	6.75	0.0	0.0	0.0	0.0	0.0	0.0	0.0	0.0	17.0
510b4a5f48086701416ab699f4056bad	0.0	14.75	14.0	6.0	4.25	16.5	14.25	16.75	17.75	7.0	0.0	34.75	0.0	3.25	0.0	19.0
512898f314cce3e1e8a8323c36fef6e1	0.0	0.0	0.0	0.0	0.0	61.0	0.0	38.0	17.0	156.0	0.0	0.0	0.0	112.0	0.0	115.0
51b3e51d2d8fd6795294c65064c93eec	0.0	0.0	0.0	0.0	0.0	0.0	0.0	0.0	0.0	0.0	0.0	0.0	18.0	0.0	0.0	0.0
51dbca22f7469bb00e4379845bc1fb83	0.0	0.0	0.0	0.0	0.0	0.0	0.0	0.0	0.0	0.0	0.0	0.0	0.0	46.0	0.0	0.0
51e2f60e2e3871c998d391de0caac8bf	0.0	0.0	0.0	0.0	0.0	0.0	0.0	90.0	23.0	0.0	0.0	0.0	0.0	0.0	0.0	35.0
5201655aa9cf2f7ace465410a878f312	0.0	0.0	0.0	0.0	0.0	0.0	19.0	0.0	0.0	47.0	32.0	11.0	24.0	9.0	10.0	14.0
531ab4c63ec669ee00972774562309de	0.0	14.0	20.75	21.0	15.0	26.0	24.0	38.5	30.0	15.25	0.0	14.75	9.5	5.25	9.75	6.25
536c260407b5480c266a72004a8c6ccd	0.0	4.0	0.0	0.0	0.0	0.0	0.0	0.0	0.0	0.0	0.0	0.0	0.0	0.0	0.0	0.0
547f80f193a2881abc9f7026b92ad352	621.0	379.0	540.0	846.0	460.0	690.0	570.0	261.0	1494.0	740.0	1001.0	3452.0	251.0	937.0	941.0	3597.0
55569d0a471f84ff78ebf6cd42f083bf	47.0	0.0	0.0	0.0	0.0	0.0	0.0	0.0	0.0	0.0	0.0	0.0	0.0	0.0	0.0	0.0
56ccacfbbe8f56be55f3740e1f106abe	0.0	0.0	0.0	0.0	0.0	0.0	15.0	0.0	0.0	0.0	0.0	0.0	0.0	0.0	0.0	33.0
571f85b5db8d7d352c500e3097160aa1	0.0	0.0	0.0	0.0	0.0	2.0	0.0	0.0	0.0	0.0	0.0	0.0	0.0	0.0	0.0	0.0
574947bc3b2c96ddd1c1752046ba01eb	0.0	0.0	0.0	0.0	0.0	0.0	0.0	0.0	0.0	0.0	0.0	2.0	0.0	0.0	0.0	0.0
574b5592d3f088b14174abd838866651	0.0	0.0	0.0	0.0	0.0	10.25	7.25	0.0	4.75	0.0	0.0	13.5	0.0	0.0	0.0	0.0
57a2780152d4c79535f9c71d21c87db8	31.0	0.0	0.0	8.0	0.0	0.0	0.0	59.0	19.0	14.0	0.0	0.0	0.0	0.0	0.0	0.0
58038055caa314c384db91ebb63e2902	38.0	0.0	0.0	0.0	0.0	0.0	0.0	0.0	6.0	0.0	0.0	0.0	0.0	0.0	0.0	0.0
5848f6c0f80056b2150a449b5f38b3bd	0.0	0.0	0.0	0.0	0.0	0.0	0.0	0.0	0.0	0.0	0.0	0.0	20.0	0.0	0.0	0.0
5869a42e31899d7780629f0716109cf5	43.0	0.0	0.0	0.0	0.0	0.0	29.0	0.0	0.0	0.0	0.0	0.0	0.0	0.0	0.0	0.0
58cb1f714adaedf60dd49adf273eaf59	0.0	0.0	14.0	0.0	0.0	0.0	0.0	0.0	0.0	0.0	0.0	0.0	0.0	0.0	0.0	0.0
593d065c43a666a4107f3b14d3181bfe	0.0	0.0	0.0	0.0	0.0	0.0	0.0	0.0	0.0	0.0	0.0	14.0	105.0	24.0	0.0	0.0
594e2d8eb1e556986abce909e8b09ffc	0.0	6.0	0.0	0.0	6.25	3.25	0.0	0.0	3.75	0.0	0.0	2.0	3.25	0.0	0.0	3.75
59d1a85628793ccb23ab44f255226b15	0.0	0.0	0.0	0.0	1.75	0.0	0.0	0.0	0.0	0.0	0.0	0.0	0.0	0.0	0.0	0.0
5c33db7c460ec1200192e97fda0dbb2e	0.0	0.0	0.0	0.0	6.0	16.0	7.0	0.0	2.0	6.0	10.0	7.0	5.0	9.0	4.0	0.0
5c47bef8f5da9056d79608d94aec1606	0.0	7.0	0.0	0.0	0.0	0.0	0.0	0.0	0.0	0.0	0.0	0.0	0.0	0.0	0.0	0.0
5cbf0b2efd8f80a169ab74ad33079e39	0.0	0.0	0.0	0.0	0.0	0.0	0.0	0.0	0.0	0.0	0.0	0.0	0.0	18.0	0.0	0.0
5cccb749e8c283919cc185f2e25c8565	0.0	0.0	0.0	0.0	0.0	0.0	0.0	2.75	0.0	0.0	0.0	0.0	0.0	0.0	0.0	0.0
5d06951cab74f080ed1f8581c7cbfdf6	0.0	0.0	0.0	0.0	0.0	24.0	15.0	20.0	6.0	6.0	20.0	0.0	0.0	0.0	0.0	0.0
5d2f0d410604218eab1553c0ba95e87b	0.0	0.0	0.0	0.0	0.0	0.0	4.0	0.0	0.0	0.0	0.0	0.0	4.0	0.0	0.0	0.0
5d3041aa731be2695ce5893b43076e02	0.0	0.0	0.0	0.0	0.0	7.0	10.0	5.0	0.0	7.0	0.0	0.0	0.0	0.0	0.0	0.0
5dd973a030569248ca96ad682787eeb0	0.0	0.0	0.0	0.0	0.0	0.0	0.0	0.0	0.0	0.0	0.0	0.0	1.0	0.0	0.0	0.0
5e17a5cb4962111829d5a3162b84253a	0.0	0.0	0.0	0.0	0.0	0.0	41.0	0.0	0.0	6.0	0.0	0.0	0.0	0.0	0.0	0.0
5e59e92b5203cf88b45515feb4dd90a1	0.0	11.0	0.0	0.0	0.0	0.0	0.0	9.0	0.0	0.0	0.0	0.0	0.0	0.0	0.0	0.0
5e61e1707fb2129594d211ba454470e4	0.0	0.0	0.0	0.0	0.0	0.0	0.0	0.0	0.0	0.0	16.5	0.0	17.0	0.0	0.0	22.5
5ed5a1891a09adf426bf256d58494dc8	0.0	0.0	0.0	12.0	22.0	0.0	0.0	0.0	0.0	0.0	0.0	0.0	91.0	50.0	24.0	86.0
5f5ca726fd3f6d6e6a1b3f6811443574	0.0	0.0	0.0	0.0	0.0	0.0	0.0	10.0	0.0	0.0	0.0	0.0	0.0	0.0	0.0	0.0
5fb94f804715b4d90f191c413efef44e	0.0	8.75	41.25	18.25	0.0	0.0	0.0	0.0	18.0	6.0	17.75	0.0	64.0	308.5	26.0	0.0
5fc6f86d85f03ca7537c25730cfcf460	0.0	0.0	0.0	0.0	0.0	0.0	0.0	0.0	0.0	0.0	0.0	0.0	0.0	0.0	0.0	17.0
5fc798b1df3bcda5e68c5d88d8d39402	0.0	0.0	0.0	0.0	0.0	0.0	8.0	0.0	0.0	0.0	0.0	0.0	0.0	0.0	0.0	0.0
600c9f3de23a5834c65cdf6b56a7c81d	0.0	1.25	0.0	0.0	0.0	0.0	0.0	0.0	0.0	0.0	0.0	0.0	0.0	0.0	0.0	0.0
6010509f0fb5b3456410405a3ab013bd	0.0	0.0	0.0	0.0	0.0	0.0	0.0	0.0	0.0	0.0	0.0	0.0	14.0	0.0	0.0	0.0
605c17c16f33905999869770413b1a8f	0.0	0.0	0.0	0.0	0.0	0.0	0.0	2.0	0.0	0.0	0.0	0.0	0.0	0.0	0.0	0.0
6166cd8b69d6af6ba6e209d4d4f839eb	7.0	0.0	0.0	0.0	0.0	0.0	0.0	0.0	0.0	0.0	0.0	0.0	0.0	0.0	0.0	0.0
6260bcc30e89c8a76a19a1856119c587	0.0	11.5	0.0	0.0	0.0	0.0	0.0	0.0	0.0	0.0	0.0	0.0	0.0	0.0	0.0	0.0
633986f25dacddd71be7f93667c0698e	14.0	0.0	0.0	0.0	0.0	5.0	0.0	7.0	0.0	0.0	23.0	0.0	0.0	0.0	0.0	0.0
63afd5222bbcd2d49e083f44f9da3aba	0.0	25.0	0.0	0.0	0.0	0.0	15.0	0.0	0.0	0.0	0.0	0.0	25.0	0.0	0.0	0.0
64849bcfdeafe20a484dacaa977328b3	0.0	0.0	0.0	0.0	0.0	19.0	0.0	0.0	0.0	0.0	0.0	0.0	0.0	0.0	0.0	37.0
64ec23bbacc27e5722f89417bb862c68	0.0	0.0	0.0	0.0	0.0	0.0	0.0	0.0	0.0	0.0	0.0	2.0	0.0	0.0	0.0	0.0
654c629392a9dc666b681833938d785c	0.0	0.0	0.0	0.0	6.0	0.0	0.0	0.0	0.0	0.0	0.0	0.0	0.0	0.0	0.0	0.0
6653c92dc7618280b132aeae2a9291cc	0.0	14.0	0.0	0.0	0.0	10.0	13.0	7.0	0.0	17.0	24.0	0.0	29.0	0.0	0.0	10.0
666fefaeb47f3141846c043009098eb6	0.0	0.0	0.0	0.0	0.0	0.0	31.5	0.0	0.0	0.0	0.0	0.0	0.0	0.0	0.0	0.0
668316497189c0c158711815de76dec2	0.0	0.0	0.0	0.0	0.0	0.0	0.0	0.0	0.0	0.0	0.0	0.0	2.0	0.0	0.0	0.0
683aada938c65b71b6f281012d0d257b	0.0	0.0	26.0	61.0	52.0	144.0	204.0	80.0	69.0	35.0	13.0	90.0	0.0	0.0	39.0	62.0
68d030b7e708ecc13d8f3cec5de977a4	0.0	0.0	0.0	0.0	0.0	0.0	0.0	6.0	0.0	0.0	0.0	0.0	0.0	0.0	0.0	0.0
68f8f7604872a6d4fed9b2b43064aee4	0.0	0.0	0.0	0.0	0.0	0.0	0.0	0.0	0.0	23.0	0.0	0.0	0.0	0.0	0.0	0.0
68fa6eb93675602681b474cb0ce9048b	0.0	50.0	0.0	0.0	0.0	0.0	8.0	0.0	0.0	0.0	0.0	0.0	17.0	0.0	0.0	0.0
692908d9e8dc244214e861f18774ffb2	35.0	0.0	0.0	8.0	0.0	0.0	0.0	0.0	0.0	14.0	11.0	0.0	26.0	0.0	0.0	35.0
694f413b53b76692d2bf1cd02091399c	111.0	46.0	57.0	47.0	747.0	446.0	726.0	420.0	1491.0	427.0	73.0	0.0	3389.0	1148.0	1084.0	92.0
6b34d59835b77db6bc62c89c1eabde0b	0.0	0.0	0.0	0.0	0.0	0.0	0.0	0.0	0.0	0.0	7.0	34.0	0.0	0.0	0.0	0.0
6b92c0dfde94e01d7eb99d2054c77497	0.0	3.75	0.0	0.0	0.0	0.0	0.0	0.0	0.0	0.0	0.0	0.0	0.0	0.0	0.0	3.0
6bf2840673de7a07c6136b4d66f9d325	0.0	0.0	0.0	10.0	0.0	0.0	0.0	0.0	0.0	0.0	0.0	0.0	57.0	116.0	0.0	0.0
6c1bfd075db534f844351ffc0b8d4f6a	0.0	0.0	0.0	0.0	0.0	22.0	0.0	0.0	0.0	0.0	0.0	0.0	0.0	0.0	0.0	0.0
6c31248aab400bbb31133caffa277913	15.0	0.0	0.0	0.0	0.0	0.0	26.0	23.0	0.0	0.0	0.0	0.0	0.0	0.0	0.0	0.0
6cb3f6fd935a831537c9052b9a4284e2	0.0	0.0	0.0	0.0	0.0	0.0	27.0	0.0	0.0	0.0	0.0	0.0	0.0	0.0	0.0	0.0
6d26cf14a267d2be14f2c5c6524e3f84	51.0	33.0	0.0	7.0	6.0	14.0	26.0	17.0	0.0	25.0	15.0	15.0	10.0	12.0	12.0	11.0
6d94ad7799a01df0a525a125c6246f7e	0.0	0.0	0.0	0.0	0.0	0.0	0.0	2.0	0.0	0.0	0.0	0.0	0.0	0.0	0.0	0.0
6de89a7f3f4c4935de7823e5729416f4	0.0	0.0	0.0	0.0	0.0	0.5	0.0	0.0	0.0	0.0	0.0	0.0	0.0	0.0	0.0	0.0
6ded34f7b682053ff5b9b7e4ef929a22	0.0	0.0	88.0	0.0	0.0	0.0	12.0	0.0	0.0	29.0	30.0	0.0	29.0	0.0	0.0	0.0
6e019166f485dbd32194a2d44edc4df1	0.0	0.0	0.0	0.0	0.0	15.0	0.0	0.0	0.0	0.0	0.0	0.0	0.0	0.0	0.0	0.0
6e408cc3ba68e93a8d2a36d67381d445	0.0	85.5	32.0	26.5	31.25	48.75	45.5	27.75	55.25	22.5	22.75	30.75	50.75	41.75	41.75	94.25
6e68a3370037593908fa7837d0d66c81	0.0	0.0	0.0	0.0	0.0	0.0	0.0	0.0	0.0	0.0	0.0	0.0	0.5	0.0	0.0	0.0
6ec37daa396eb7394e7958cbaebe668b	0.0	0.0	0.0	0.0	0.0	0.0	0.0	0.0	0.0	0.0	0.0	0.0	0.0	0.0	0.0	6.0
6effbd2be9f793ea5295f877770c51ed	0.0	69.5	60.5	60.0	110.5	163.5	347.0	161.5	76.0	110.0	35.0	75.0	42.0	38.0	36.0	76.0
6f9ba20837b8830fd396b63636074215	0.0	0.0	0.0	0.0	0.0	0.0	0.0	0.0	0.0	0.0	0.0	0.0	0.0	0.0	0.0	2.0
7063183370922c8b131fd30058593501	0.0	0.0	0.0	0.0	11.0	0.0	0.0	0.0	0.0	0.0	0.0	0.0	15.0	41.0	0.0	19.0
70ccc60eef16412b7023c4ac6641f6cd	0.0	0.0	0.0	0.0	0.0	0.0	16.0	0.0	0.0	0.0	0.0	0.0	0.0	0.0	0.0	0.0
713be73748483aef292180e9d0cc0210	0.0	0.0	0.0	0.0	0.0	9.0	0.0	0.0	0.0	0.0	16.0	0.0	0.0	0.0	0.0	0.0
72bc22315544a201ede9dec6af150e98	0.0	0.0	0.0	0.0	0.0	0.0	0.0	0.0	2.5	0.0	0.0	0.0	4.0	5.5	8.75	5.5
74a161fc1e467ad0d4aa28d7e35f7479	0.0	0.0	0.0	0.0	0.0	0.0	0.0	0.0	0.0	0.0	0.0	8.0	0.0	0.0	0.0	0.0
74a4886b0aa290a2fa8ca0d908b2f912	0.0	0.0	9.0	0.0	0.0	0.0	0.0	0.0	0.0	0.0	0.0	0.0	0.0	0.0	0.0	0.0
74b35ae658465e7512c2b61f7906c907	817.0	169.0	53.0	143.0	176.0	290.0	447.0	428.0	168.0	128.0	44.0	189.0	80.0	53.0	81.0	63.0
74bcd29b01bcbe0d1abe1c5e26eec0e8	0.0	0.0	0.0	0.0	0.0	0.0	0.0	2.0	0.0	0.0	0.0	0.0	0.0	0.0	0.0	0.0
76130162b8af1cec6a2efaffcf0e9154	0.0	0.0	0.0	0.0	0.0	0.0	0.0	0.0	0.0	14.0	0.0	0.0	0.0	0.0	0.0	0.0
7643e215cbe9703dd7abe9d4488265b3	0.0	0.0	0.0	0.0	0.0	0.0	0.0	26.0	0.0	0.0	0.0	0.0	0.0	0.0	0.0	0.0
7665d7572f7f05b7ab99e3b08d0eb97d	0.0	2.0	0.0	0.0	0.0	0.0	0.0	0.0	0.0	0.0	0.0	0.0	0.0	0.0	0.0	0.0
783d1e50542235ebffaed7e3cc5ffd6d	0.0	0.0	6.0	0.0	0.0	0.0	0.0	0.0	0.0	3.0	7.0	0.0	14.0	0.0	0.0	0.0
78719309d76cb95f30db21b7eff615c3	0.0	0.0	0.0	0.0	0.0	0.0	0.0	0.0	0.0	0.0	0.0	0.0	0.0	0.0	0.0	3.0
78e755f22b31aebfc49ec971c9e25f82	0.0	0.0	0.0	0.0	0.0	19.0	0.0	0.0	0.0	0.0	51.0	0.0	0.0	0.0	0.0	7.0
7966f669971b26c2d74342a85e4c3880	0.0	0.0	0.0	0.0	0.0	0.0	104.0	0.0	33.0	0.0	92.0	41.0	0.0	0.0	25.0	0.0
79a9d2c3929074a416360f2c49d9e818	0.0	9.0	0.0	0.0	0.0	0.0	64.0	0.0	0.0	0.0	0.0	0.0	0.0	0.0	0.0	159.0
79e3e1a15fc3c30b2c6b9b0a46830a5a	0.0	0.0	0.0	0.0	0.0	0.0	7.0	0.0	0.0	0.0	0.0	0.0	0.0	0.0	0.0	0.0
7a171e8173fb3b2eebf9da24f94c4882	13.0	0.0	0.0	13.0	15.5	21.75	0.0	0.0	4.75	4.75	0.0	13.0	5.5	0.0	0.0	0.0
7a8561bed18f71eaf74b43d4d92d2176	0.0	80.0	25.0	0.0	19.0	0.0	32.0	0.0	0.0	37.0	41.0	0.0	0.0	0.0	0.0	0.0
7ab0f5fd995b7d157e375b1520f8c635	0.0	23.0	0.0	0.0	0.0	0.0	0.0	0.0	0.0	0.0	0.0	0.0	0.0	0.0	0.0	0.0
7ac5d6c23412507ac3b32e6d205c1aca	0.0	0.0	0.0	0.0	0.0	46.0	0.0	0.0	0.0	0.0	0.0	0.0	0.0	0.0	0.0	0.0
7af3bd38f0f164d41ea3c8afa361ef51	0.0	0.0	0.0	0.0	0.0	0.0	0.0	74.0	0.0	19.0	11.0	0.0	0.0	0.0	0.0	0.0
7ca8e4ee1186c7392d160a7dc543b6de	0.0	31.0	0.0	0.0	0.0	0.0	0.0	0.0	0.0	0.0	0.0	0.0	0.0	0.0	0.0	0.0
7e0317f7ea7da7ba2121b612bbee1602	0.0	0.0	0.0	0.0	0.0	0.0	0.0	0.0	0.0	0.0	0.0	0.0	0.0	5.0	0.0	0.0
7e3d9240b698c6bf8fc56676d35a7151	188.0	0.0	52.0	0.0	0.0	33.0	49.0	0.0	17.0	0.0	0.0	0.0	0.0	0.0	0.0	0.0
7f6014bee7c27dce9aa46dbe30ee4351	23.0	0.0	0.0	0.0	0.0	0.0	0.0	0.0	0.0	0.0	0.0	0.0	0.0	0.0	0.0	0.0
7fd16f18930ea925d39999609c799de0	0.0	3.0	0.0	0.0	0.0	0.0	0.0	0.0	0.0	0.0	0.0	0.0	0.0	0.0	0.0	0.0
801703b9ac2077fb6039e27673fe9250	0.0	0.0	0.0	0.0	0.0	0.0	2.0	0.0	0.0	0.0	0.0	0.0	0.0	0.0	0.0	0.0
806700bc9b7d560422f7c164b3bd8e6d	0.0	0.0	0.0	0.0	12.0	19.0	109.0	36.0	0.0	20.0	0.0	0.0	0.0	45.0	0.0	24.0
8146deefacadef2055916d06c19a3abd	0.0	0.0	0.0	0.0	7.0	16.0	4.0	0.0	0.0	0.0	0.0	0.0	0.0	0.0	0.0	0.0
81d39a75c4b6f966a8d4e03decd37b35	0.0	0.0	0.0	0.0	0.0	0.0	0.0	0.0	0.0	0.0	0.0	0.0	0.0	0.0	0.0	2.25
81eb81acfe3c3b0fe1b0359689c88151	0.0	0.0	0.0	0.0	0.0	0.0	0.0	4.0	0.0	0.0	0.0	0.0	0.0	0.0	0.0	0.0
8281a4e3d20ba7701d1b22bc6a5cc274	0.0	7.0	0.0	0.0	0.0	0.0	0.0	0.0	0.0	0.0	0.0	0.0	0.0	0.0	0.0	0.0
83060f4da8b5d59469fa63dcb7fb9ae4	24.0	0.0	0.0	0.0	0.0	0.0	0.0	0.0	0.0	0.0	0.0	0.0	0.0	0.0	0.0	0.0
8383a9394d839568543ff7a5decb1956	0.0	48.0	0.0	0.0	7.0	0.0	75.0	26.0	10.0	28.0	0.0	0.0	57.0	21.0	6.0	0.0
838d0736efd9295506133747708054b9	0.0	0.0	0.0	0.0	0.0	0.0	0.0	0.0	0.0	0.0	0.0	3.0	0.0	0.0	0.0	0.0
8400b734c4ae6e29f117f0898c88e998	0.0	0.0	17.0	4.25	0.0	6.5	12.25	0.0	7.0	8.5	0.0	7.25	0.0	0.0	0.0	0.0
8431ce797c88c8ae073512bf2145e2ae	0.0	31.0	9.0	0.0	12.0	22.0	18.0	26.0	18.0	28.0	11.0	15.0	0.0	18.0	0.0	6.0
8475722b5af046e39bbcf71852911d88	0.0	0.0	2.5	0.0	0.0	0.0	0.0	0.0	0.0	0.0	0.0	0.0	0.0	0.0	0.0	0.0
850fc8381d6fc19a74e163682a3c65f4	32.0	0.0	0.0	0.0	0.0	0.0	0.0	0.0	0.0	0.0	0.0	0.0	0.0	0.0	0.0	11.0
853cddc1b946f0d43a0716ac206af2bd	0.0	0.0	0.0	0.0	0.0	0.0	0.0	0.0	0.0	0.0	0.0	0.0	0.0	5.0	0.0	0.0
8570b079ecb551d3b852a2decf2f34f6	0.0	21.0	0.0	0.0	0.0	0.0	0.0	0.0	0.0	0.0	0.0	0.0	0.0	0.0	0.0	0.0
85ed3d8c30f1cf7ad10a011d18724cab	0.0	0.0	0.0	0.0	0.0	0.0	17.0	0.0	0.0	0.0	0.0	0.0	0.0	0.0	0.0	0.0
88176c6a714b06d688c7281005f30f8e	0.0	0.0	0.0	0.0	0.0	0.0	0.0	1.0	0.0	0.0	0.0	0.0	0.0	0.0	0.0	0.0
88ee1afef4d1eef84df08ed59359d002	0.0	0.0	0.0	0.0	0.0	0.0	0.0	0.0	0.0	0.0	0.0	0.0	0.0	0.0	0.0	8.0
893084e9acd8dab780c2194205954fda	0.0	0.0	0.0	0.0	0.0	0.0	0.0	0.0	0.0	0.0	4.0	0.0	0.0	0.0	0.0	0.0
89a6c15cf31792ba04d17860e9492227	247.0	0.0	0.0	0.0	0.0	0.0	0.0	0.0	0.0	0.0	146.0	0.0	125.0	0.0	0.0	0.0
8ae299fe8aa39820660e7e6746ff1aae	0.0	0.0	19.0	0.0	0.0	10.0	0.0	0.0	0.0	0.0	0.0	0.0	0.0	0.0	0.0	0.0
8bb80798528ee07dc94c4a66868cd392	119.0	0.0	0.0	0.0	31.0	0.0	0.0	95.0	0.0	0.0	0.0	0.0	0.0	26.0	0.0	0.0
8c8cd1cc4122ee8bbed77056f0065457	0.0	0.0	0.0	0.0	0.0	0.0	0.0	0.0	0.0	0.0	0.0	0.0	39.0	0.0	0.0	0.0
8cbb635faeb95440eb5b52abe134ac3d	338.0	1237.0	91.0	207.0	366.0	233.0	465.0	318.0	764.0	200.0	0.0	0.0	176.0	296.0	106.0	98.0
8cef63ffe031742d411b2cf7039528d9	0.0	66.0	0.0	0.0	0.0	10.0	4.0	0.0	0.0	9.0	20.0	0.0	0.0	0.0	0.0	14.0
8d0c34bb6dc7de3524ce44b28eb15257	0.0	0.0	0.0	0.0	0.0	0.0	0.0	0.0	0.0	0.0	0.0	0.0	0.0	0.0	2.0	0.0
8d78ce934c43a8b36ce2c5ab4318a192	0.0	0.0	0.0	0.0	0.0	0.0	0.0	0.0	0.0	0.0	0.0	0.0	0.0	10.0	0.0	0.0
8e8d8626220eac1ef6f7fb2080aa938f	7.0	0.0	0.0	0.0	0.0	0.0	0.0	0.0	0.0	0.0	0.0	0.0	16.0	0.0	0.0	0.0
8e9e6e5f622f9a4a5196e7eea6fa6d7a	0.0	0.0	0.0	0.0	0.0	0.0	14.0	0.0	0.0	0.0	0.0	0.0	0.0	0.0	0.0	0.0
8eff78d0b5b6f6333392c4f9148cb540	13.5	0.0	0.0	0.0	0.0	0.0	2.5	0.0	0.0	0.0	0.0	3.75	0.0	0.0	0.0	0.0
9066cdf0811ee0e606b6f0ef73860609	0.0	0.0	0.0	0.0	0.0	0.0	0.0	0.0	0.0	0.0	4.0	0.0	0.0	0.0	0.0	0.0
90fc910ad1434734b1e55c6a5c7ab9eb	0.0	0.0	0.0	0.0	0.0	0.0	0.0	0.0	0.0	0.0	0.0	0.0	0.0	0.0	0.0	2.0
91d440a73841493d3eb3092b020e3319	0.0	0.0	0.0	0.0	0.0	0.0	0.0	0.0	0.0	0.0	0.0	0.0	1.0	0.0	0.0	0.0
92c3e9828b72f5125d67007e640f2785	10.0	0.0	0.0	0.0	0.0	0.0	0.0	0.0	0.0	0.0	0.0	0.0	0.0	0.0	0.0	0.0
9323bba95371261842328729e8a5c2fb	3.0	0.0	0.0	0.0	0.0	0.0	0.0	0.0	0.0	0.0	0.0	0.0	0.0	0.0	0.0	0.0
939ebd9bd7a6eae4062b93537a84c65d	0.0	0.0	0.0	0.0	0.0	0.0	0.0	0.0	0.0	0.0	13.0	0.0	25.0	21.0	0.0	70.0
942c85a5ce30e27155622d82ef326bc2	0.0	0.0	0.0	0.0	0.0	0.0	30.0	0.0	0.0	2.67	8.33	67.67	0.0	0.0	0.0	0.0
94ef16ff9afb7eb33a92518cb4c063cb	0.0	0.0	0.0	0.0	0.0	0.0	13.0	0.0	0.0	0.0	0.0	0.0	0.0	0.0	0.0	0.0
952c1fdc4c8295d4742b25f65e8c514a	0.0	16.0	0.0	0.0	11.75	15.75	13.5	10.0	0.0	0.0	7.25	0.0	18.25	15.75	0.0	10.25
95d3dbd617f91106ba8cc3bcb26f8d9b	0.0	0.0	0.0	0.0	0.0	0.0	0.0	0.0	0.0	0.0	0.0	13.0	0.0	0.0	0.0	0.0
96603dabde822238f48c2994b45788db	0.0	0.0	0.0	0.0	0.0	0.0	0.0	0.0	0.0	12.0	0.0	0.0	0.0	0.0	0.0	0.0
967238c58c08cdaadb0d9beb32588307	0.0	0.0	0.0	0.0	0.0	0.0	1.0	0.0	0.0	0.0	0.0	0.0	0.0	0.0	0.0	0.0
96f1df5356b17e2d4b6eefc878357fcb	0.0	59.0	28.0	133.0	322.0	357.0	131.0	286.0	95.0	154.0	32.0	312.0	14.0	71.0	47.0	126.0
971577d146be3b80cdc7fed9a7ef1533	0.0	0.0	0.0	0.0	0.0	28.5	0.0	0.0	0.0	36.5	0.0	0.0	0.0	0.0	0.0	0.0
973360718cfb0d1806d43527cb25adb3	140.5	0.0	0.0	0.0	0.0	0.0	0.0	0.0	0.0	0.0	0.0	0.0	0.0	0.0	0.0	0.0
97ccb7279e702b364b30af7401d483ef	0.0	0.0	0.0	0.0	0.0	0.0	0.0	0.0	0.0	0.0	16.0	0.0	0.0	7.0	23.0	70.0
987e547ebf8cab92d43f1d4dd99e0552	16.0	0.0	0.0	0.0	0.0	0.0	0.0	0.0	0.0	0.0	6.0	0.0	0.0	0.0	0.0	0.0
98c96cf1a8d4ce090682ec03dc56cc0f	0.0	0.0	119.0	0.0	0.0	0.0	99.0	29.0	0.0	81.0	0.0	0.0	0.0	0.0	0.0	0.0
98f02b7aa870b3d271333bc9660db91f	0.0	0.0	0.0	0.0	0.0	0.0	0.0	0.0	0.0	0.0	59.0	0.0	0.0	0.0	0.0	0.0
98fcc7e4135d41152d2db711de5c1255	0.0	9.33	0.0	1.67	2.33	5.0	10.67	9.67	2.33	6.33	0.0	0.0	3.0	0.0	2.33	2.33
9a9f34bd312afabc037651632ab4294c	0.0	0.0	0.0	0.0	0.0	0.0	0.0	0.0	0.0	0.0	0.0	0.0	25.0	0.0	0.0	0.0
9aa6b6dc6d70c5e763d47a4353144107	0.0	0.0	0.0	0.0	0.0	0.0	0.0	0.0	0.0	0.0	0.0	0.0	0.0	0.0	3.0	0.0
9b3495085364f87a3bbadad3fe0fe52a	0.0	0.0	0.0	0.0	0.0	16.0	16.0	0.0	5.0	12.0	9.0	0.0	0.0	10.0	0.0	7.0
9c27410265c4c0f8558f6d01a3282755	0.0	33.0	0.0	12.0	0.0	150.0	159.0	81.0	41.0	42.0	30.0	79.0	10.0	21.0	32.0	103.0
9c7bd185ed83458005e4f6cfd7f9a096	0.0	0.0	0.0	0.0	0.0	0.0	0.0	17.0	0.0	0.0	0.0	0.0	0.0	0.0	0.0	0.0
9d1231e9a3e3361b978bbff3c3b158a8	0.0	7.67	0.0	0.0	0.0	0.0	0.0	0.0	0.0	0.0	0.0	0.0	0.0	0.0	0.0	0.0
9d5e0ad5255570159134088975331f19	0.0	50.0	0.0	0.0	0.0	0.0	0.0	0.0	0.0	0.0	0.0	0.0	0.0	0.0	0.0	0.0
9d81ad3b3c4fa998c967ca91c2278849	0.0	0.0	0.0	0.0	2.0	0.0	0.0	0.0	0.0	0.0	0.0	0.0	0.0	0.0	0.0	0.0
9e194cf62ff1a0452c4436c017a595a5	0.0	0.0	0.0	0.0	0.0	0.0	0.0	0.0	0.0	0.0	0.0	0.0	0.0	0.0	0.0	2.0
9e7125a102db8951720ec539b4e78113	0.0	0.0	0.0	0.0	0.0	0.0	0.0	0.0	0.0	0.0	11.0	0.0	0.0	0.0	0.0	0.0
9eae7c99eef0776c8920ba9ab0c2b8b4	0.0	0.0	0.0	0.0	0.0	0.0	0.0	0.0	0.0	0.0	0.0	0.0	0.0	11.0	0.0	0.0
a08e51322ac5413f32389f362e518aef	228.0	5.25	90.25	52.25	49.25	0.0	22.25	13.5	38.5	40.5	60.25	9.0	79.0	69.25	76.25	0.0
a0ed3c259f6fceaaed3ef1b212339fb9	25.0	0.0	0.0	0.0	0.0	0.0	17.0	0.0	0.0	0.0	0.0	0.0	0.0	0.0	0.0	44.0
a18f63fbb021cb27d0fa3fe66101b7ed	0.0	0.0	0.0	0.0	0.0	16.0	0.0	0.0	0.0	0.0	0.0	0.0	0.0	0.0	0.0	0.0
a1b177320d5a1f43a414ff5bf50d6490	62.0	0.0	0.0	0.0	0.0	0.0	0.0	10.0	0.0	0.0	0.0	0.0	0.0	0.0	0.0	0.0
a2219a9d615b767a7a93a2d7973dcc69	0.0	0.0	0.0	0.0	0.0	0.0	0.0	0.0	6.5	4.25	0.0	0.0	0.0	0.0	0.0	7.0
a25f3714d9c6e1182774b9f1708c264b	0.0	561.0	107.0	169.0	327.0	96.0	704.0	551.0	447.0	0.0	831.0	458.0	796.0	772.0	390.0	1220.0
a30e6cf2f96f909077895294fe9cdb23	0.0	4.75	5.5	7.75	0.0	0.0	0.0	10.0	6.25	14.0	6.0	0.0	20.0	15.25	19.75	9.25
a33e83f023ba5e1cd862d4fb4860c07b	0.0	0.0	0.0	0.0	0.0	0.0	2.5	0.0	0.0	0.0	0.0	0.0	0.0	0.0	0.0	0.0
a395edbcb5a5d2fdd42e3a3baffd555d	0.0	7.5	0.0	0.0	0.0	0.0	0.0	0.0	0.0	0.0	7.0	0.0	0.0	0.0	0.0	0.0
a3aea2eefdb2882f03e08556a089f85c	0.0	0.0	0.0	0.0	132.0	0.0	244.0	0.0	0.0	0.0	0.0	0.0	0.0	0.0	0.0	0.0
a3ff16ae7ca90d2955fac77ebffc08e5	0.0	0.0	0.0	0.0	0.0	0.0	0.0	19.0	0.0	0.0	0.0	0.0	0.0	0.0	0.0	0.0
a47b4dc7cfdd15e4a610732ce5d2a494	0.0	8.5	8.25	6.25	0.0	0.0	0.0	8.5	3.5	2.75	2.5	0.0	18.25	10.25	0.0	1.5
a5b1bb2d17ef157e0f0dcf77b0276bd7	0.0	0.0	0.0	0.0	0.0	7.0	0.0	0.0	0.0	0.0	60.0	0.0	23.0	0.0	0.0	0.0
a5e2f15ca16051f06368b83adff956e3	0.0	0.0	0.0	0.0	0.0	2.43	0.0	0.0	0.0	0.0	0.0	0.0	0.0	0.0	0.0	0.0
a6bde860f1975c36c1c92f76851a0c6c	29.0	158.0	35.0	0.0	19.0	39.0	98.0	24.0	0.0	64.0	0.0	0.0	0.0	0.0	0.0	0.0
a6ec8ace9ba7d81d66cdb368ea2981b7	0.0	11.0	0.0	0.0	0.0	0.0	7.0	0.0	0.0	0.0	0.0	0.0	0.0	0.0	0.0	0.0
a71cdb983f4aa92f7986bbba79bdf852	0.0	26.75	8.75	40.75	84.5	68.5	58.75	40.25	59.0	75.25	51.5	0.0	17.75	11.0	13.0	45.5
a7a3757df1cc2c6c776b071cc2bb45e3	0.0	0.0	0.0	0.0	0.0	0.0	0.0	0.0	2.0	0.0	0.0	0.0	0.0	0.0	0.0	0.0
a7c079da939ab8ea89e4b4531c4e0588	14.0	0.0	0.0	0.0	0.0	0.0	51.0	0.0	0.0	0.0	0.0	0.0	0.0	0.0	0.0	0.0
a83260ae5efd41945859904e88a99c81	0.0	0.0	0.0	0.0	0.0	0.0	0.0	0.0	0.0	0.0	0.0	1.75	0.0	0.0	0.0	0.0
a8c1c05eb02c629d48ea5650f8f49118	0.0	0.0	0.0	0.0	0.0	0.0	0.0	0.0	0.0	0.0	36.0	0.0	0.0	0.0	0.0	0.0
a8eb3e86e896febff5f3e223f84ba94b	0.0	34.0	9.0	5.0	4.0	5.5	7.0	13.5	5.5	6.0	4.0	23.5	18.5	7.0	7.5	18.5
a98806e7219f134139c7c08cb513dff0	0.0	213.0	0.0	51.0	73.0	0.0	60.0	176.0	62.0	0.0	32.0	60.0	88.0	58.0	53.0	81.0
a9a0015052b629976dfce94f3aa37c1c	0.0	4.0	0.0	0.0	0.0	0.0	0.0	0.0	0.0	7.0	8.0	0.0	9.0	0.0	0.0	3.0
a9e655b715af0d6d1678bfb882216f1e	0.0	0.0	0.0	0.0	0.0	0.0	0.0	11.0	0.0	0.0	0.0	0.0	0.0	0.0	0.0	19.0
aae071649568194b47df46feee11da03	0.0	0.0	0.0	0.0	0.0	0.0	0.0	0.0	0.0	0.0	0.0	4.0	0.0	0.0	0.0	0.0
ab44862dfbb39d25dd3f5f93a63244c7	129.0	62.0	19.0	19.0	0.0	45.0	36.0	96.0	32.0	0.0	0.0	0.0	42.0	0.0	40.0	33.0
ab562aadf89a7b6e0439c1309aac25c4	0.0	0.0	0.0	0.0	0.0	0.0	0.0	0.0	0.0	11.5	0.0	0.0	0.0	0.0	0.0	7.0
ab7e99e2abf0e0abe74672af0eeb2dd3	0.0	0.0	0.0	13.0	0.0	0.0	0.0	0.0	0.0	0.0	0.0	0.0	0.0	0.0	0.0	0.0
ac1a97cb6ef73c044b75b06c16c343bc	0.0	21.0	68.0	160.0	140.0	308.0	414.0	196.0	142.0	108.0	36.0	195.0	13.0	25.0	110.0	147.0
acc18bd166c367b52d66b8300fe75431	0.0	0.0	0.0	0.0	0.0	0.0	0.0	0.0	0.0	0.0	0.0	0.0	3.25	3.5	9.0	0.0
ad7fef1eb05c4d800c4aa48761a6cfc2	0.0	0.0	0.0	0.0	0.0	0.0	0.0	0.0	0.0	0.0	0.0	0.0	0.0	3.0	0.0	0.0
adf57f5765096438bf7bbd04326d627a	0.0	0.0	0.0	0.0	0.0	0.0	0.0	0.0	0.0	0.0	0.0	0.0	5.0	0.0	0.0	0.0
ae36f0cd816a360f704fc02e23d77b28	0.0	0.0	0.0	0.0	10.33	0.0	0.0	0.0	0.0	6.0	0.0	0.0	3.67	0.0	0.0	0.0
ae7f6b4b755c6bbd1eea0fe8a466909f	0.0	0.0	0.0	0.0	0.0	21.0	0.0	0.0	0.0	0.0	0.0	0.0	0.0	0.0	0.0	0.0
af10a138550c12fd6312e6db89d4a813	0.0	0.0	0.0	0.0	0.0	0.0	0.0	0.0	0.0	0.0	0.0	0.0	0.0	0.0	0.0	0.5
af8d8c5035e2e91ae2e5f55c67224a88	0.0	0.0	7.0	0.0	31.0	0.0	0.0	0.0	0.0	10.0	0.0	0.0	0.0	0.0	0.0	0.0
b029c3969abc11b1fc37e198e5cd264e	0.0	0.0	0.0	0.0	3.0	0.0	11.5	11.5	1.5	95.5	0.0	0.0	4.5	0.0	3.5	12.0
b05cb6d606346e0838a1658e7f5d81cf	34.0	0.0	0.0	12.0	19.0	0.0	0.0	15.0	0.0	0.0	0.0	0.0	9.0	0.0	4.0	14.0
b11d516ae81b6b7b860daa2be226649a	0.0	0.0	0.0	0.0	0.0	0.0	0.0	0.0	0.0	0.0	2.5	0.0	0.0	0.0	0.0	0.0
b15d7a4b2fbf7682696a9ba03f953641	25.0	0.0	0.0	0.0	0.0	0.0	0.0	0.0	0.0	0.0	0.0	0.0	0.0	0.0	0.0	0.0
b1bc415e9c5d9d60f5e4dca30d4da9b7	0.0	0.0	0.0	0.0	0.0	0.0	0.0	0.0	0.0	0.0	0.0	0.0	0.0	0.5	0.0	0.0
b20b8aa4bd244d965316a278875a1469	0.0	190.75	72.25	60.5	79.75	104.75	103.0	66.75	123.5	56.5	30.0	72.75	87.5	68.75	78.75	212.25
b21bbd9f9a9ee207b793d76c06672371	0.0	0.0	4.75	5.0	3.5	9.5	0.0	3.25	4.75	4.5	5.5	3.25	15.5	16.25	15.0	10.25
b3dcc0fd3cd0c82ded1f95e29eb47ffe	0.0	0.0	0.0	0.0	0.0	0.0	0.0	0.0	0.0	0.0	2.5	0.0	0.0	0.0	0.0	0.0
b4cc321368085c41af257f75e83793b3	0.0	0.0	0.0	0.0	0.0	0.0	0.0	0.0	0.0	0.0	0.0	0.0	0.0	0.0	0.0	12.5
b4ec94217791dc0bab580d4288ade796	0.0	0.0	0.0	0.0	0.0	0.0	0.0	0.0	0.0	0.0	0.0	0.0	10.0	11.0	0.0	0.0
b529c8dda4b277b828ebe9b9bdc087bb	0.0	0.0	0.0	0.0	24.0	21.5	65.5	27.5	0.0	22.5	0.0	0.0	0.0	0.0	0.0	0.0
b5cb8a7e242db4016e15c5bf0943a9ce	0.0	0.0	0.0	0.0	0.0	0.0	0.0	0.0	0.0	0.0	0.0	0.0	7.0	0.0	0.0	0.0
b62296fda4210afbee8b33ffff02a04b	0.0	0.0	0.0	0.0	0.0	0.0	0.0	0.0	0.0	0.0	0.0	0.0	31.0	0.0	0.0	0.0
b6635d67cb594473ddba9f8cfba5d13d	0.0	24.0	0.0	0.0	0.0	1.67	3.5	0.0	0.0	0.0	0.0	0.0	0.0	0.0	0.0	0.0
b6c1a8ba78f65c4a4e96627ccc53ac86	1391.0	2680.0	3236.0	2380.0	5200.0	3963.0	3196.0	4706.0	937.0	895.0	40.0	0.0	716.0	856.0	3236.0	75.0
b6f5a4399f6bd346ea7f591db5595a02	0.0	0.0	0.0	0.0	0.0	0.0	0.0	0.0	0.0	0.0	0.0	0.0	0.0	0.0	7.0	0.0
b7409db20419d9921bb75f9b0129d9ad	0.0	28.0	0.0	0.0	0.0	11.5	13.5	0.0	0.0	0.0	0.0	0.0	0.0	0.0	0.0	0.0
b8aac847144c04285bc3bb3f60a2782f	110.5	0.0	0.0	0.0	0.0	0.0	0.0	0.0	0.0	0.0	0.0	0.0	0.0	0.0	0.0	0.0
b91b43523a9a623c12d1f6d81fe9109a	0.0	0.0	6.0	0.0	0.0	0.0	0.0	0.0	0.0	0.0	0.0	0.0	0.0	0.0	0.0	0.0
b9b10828ba7f31fb7ff57afdcdcb097a	0.0	0.0	0.0	0.0	0.0	0.0	0.0	0.0	0.0	0.0	0.0	0.0	22.0	24.0	0.0	26.0
baab695bd57246eb38ec8cbe91b87b20	0.0	102.0	32.25	31.75	42.5	55.25	51.75	35.5	65.25	34.25	0.0	38.25	36.25	33.75	40.5	106.75
bae39ec91c3bbfe88c9a61bdd9a3cd0a	0.0	0.0	0.0	0.0	0.0	0.0	0.0	0.0	0.0	0.0	0.0	0.0	0.0	0.0	0.0	13.0
bae843c436b8cf33023622fdcf2fd7c9	0.0	0.0	0.0	0.0	0.0	0.0	0.0	0.0	0.0	0.0	13.0	0.0	0.0	0.0	0.0	0.0
bb6295910294ee12c63ceb279a77862c	0.0	0.0	0.0	0.0	0.0	19.0	0.0	0.0	0.0	0.0	0.0	0.0	0.0	0.0	0.0	0.0
bbcfe9ddd51ab083d446b0bb03f59068	0.0	0.0	0.0	0.0	0.0	0.0	0.0	0.0	2.0	0.0	0.0	0.0	0.0	0.0	0.0	0.0
bbf314ff5ed38dd900afce7ad8750a10	0.0	0.0	0.0	0.0	0.0	0.0	0.0	0.0	3.0	0.0	10.0	0.0	0.0	0.0	0.0	14.0
bc5355f3a294bc01a50e64cd8fdd2151	0.0	0.0	0.0	0.0	0.0	6.0	7.0	0.0	0.0	0.0	0.0	0.0	0.0	0.0	0.0	0.0
bc870ddc91fc262ea74d6247a1d07076	45.0	10.0	0.0	0.0	0.0	38.0	13.0	22.0	0.0	8.0	0.0	0.0	0.0	0.0	0.0	0.0
bccbf865db1bae1077517bd21170722d	20.0	0.0	0.0	0.0	6.5	12.5	11.5	5.5	0.0	0.0	6.0	3.0	0.0	0.0	0.0	0.0
bddee504424cb052101e5a151585d733	71.0	0.0	36.0	0.0	0.0	0.0	0.0	0.0	0.0	0.0	43.0	0.0	53.0	16.0	0.0	0.0
bf049c9a4193cfd12d1742544a6f764c	117.0	6.0	10.0	72.0	14.0	48.0	84.0	132.0	15.0	0.0	22.0	81.0	0.0	0.0	42.0	87.0
bf3c0011f140eaca642a4816236a5897	0.0	0.0	0.0	0.0	0.0	0.0	0.0	0.0	0.0	0.0	0.0	0.0	0.0	8.0	0.0	0.0
bf72f1454587c6b069dfa8ff3e42ff84	0.0	0.0	96.0	0.0	0.0	0.0	0.0	35.0	0.0	60.0	0.0	0.0	0.0	0.0	0.0	27.0
c0028e84ca13284d9d090359d70675f3	0.0	0.0	0.0	0.0	0.0	92.0	64.0	0.0	0.0	0.0	0.0	0.0	0.0	0.0	0.0	0.0
c049ceac629663b633fcfb00df36d77c	0.0	0.0	0.0	0.0	0.0	0.0	0.0	11.0	0.0	0.0	0.0	0.0	0.0	0.0	0.0	0.0
c052a9548dafdb7e60155e80657eceeb	0.0	0.0	0.0	0.0	0.0	0.0	16.0	0.0	0.0	0.0	0.0	0.0	0.0	0.0	0.0	0.0
c08d56a2152f3584bc080b7234a0c6eb	0.0	0.0	0.0	0.0	0.0	0.0	0.0	0.0	0.0	0.0	0.0	0.0	0.0	5.0	0.0	0.0
c0ced053b7bc5a9f80a2def2ff5d208d	18.0	0.0	0.0	0.0	0.0	0.0	0.0	0.0	0.0	0.0	0.0	0.0	0.0	0.0	0.0	0.0
c129a59d5e98f814e0d02634b04f88d2	0.0	0.0	0.0	0.0	0.0	0.0	0.0	0.0	0.0	0.0	0.0	0.0	3.25	0.25	3.0	0.0
c1a63e2da7ca4e2a04fed8822dee335b	0.0	0.0	0.0	0.0	0.0	7.5	15.0	5.5	0.0	6.5	5.5	0.0	0.0	4.5	0.0	0.0
c1ed9ef4fcc459687603cc299ad66f57	0.0	10.0	0.0	0.0	0.0	0.0	14.0	0.0	0.0	0.0	23.0	0.0	20.0	0.0	0.0	13.0
c398ca4d4866208a95890ca567be7730	0.0	0.0	0.0	0.0	0.0	0.0	0.0	0.0	0.0	0.0	0.0	0.0	0.0	0.0	0.0	12.0
c433f31e4fe69a210d1081400785aa2e	0.0	0.0	0.0	0.0	0.0	0.0	0.0	0.0	0.0	0.0	15.0	0.0	0.0	0.0	0.0	0.0
c4fb58da9aff3c83c971c488ebd3cb70	23.0	0.0	0.0	0.0	0.0	0.0	0.0	0.0	0.0	0.0	0.0	0.0	0.0	0.0	0.0	0.0
c625a1db96ab91c4bc591c0964ad2e53	62.0	10.0	0.0	0.0	5.0	0.0	9.5	0.0	3.5	19.0	75.5	8.0	93.0	44.5	11.0	80.5
c688087587cfda9b14e8d46ca3016fa4	0.0	0.0	0.0	0.0	0.0	0.0	0.0	0.0	0.0	0.0	0.0	0.0	1.25	0.0	0.0	0.0
c68da04e2127a198e9df423c0f133308	0.0	17.0	0.0	0.0	0.0	0.0	7.0	0.0	0.0	9.0	8.0	0.0	11.0	0.0	4.0	11.0
c7257bd17077580eef9a39f461d4106d	0.0	119.0	13.0	0.0	0.0	22.0	0.0	0.0	0.0	0.0	0.0	0.0	28.0	0.0	0.0	9.0
c728a625f2af18289115ab4b7627ff71	0.0	0.0	0.0	0.0	0.0	0.0	0.0	0.0	0.0	0.0	0.0	0.0	0.0	6.0	0.0	0.0
c7626433e891f24b9b2ce2a22e4408f4	0.0	0.0	0.0	0.0	0.0	0.0	0.0	0.0	0.0	0.0	9.0	0.0	0.0	0.0	0.0	0.0
c76f665700ef7f180098d2f07e135253	23.0	0.0	0.0	0.0	0.0	2.0	0.0	0.0	0.0	0.0	4.0	0.0	0.0	0.0	0.0	0.0
c7e9700eba384f1ae9d29e2a4225d3f5	0.0	0.0	0.0	9.0	0.0	36.0	0.0	0.0	0.0	0.0	0.0	0.0	0.0	0.0	0.0	0.0
c80631da280c0bb3921d4fd9e2f163b3	0.0	0.0	0.0	0.0	0.0	1.0	0.0	0.0	0.0	0.0	0.0	0.0	0.0	0.0	0.0	0.0
c8b7e5ee0a6ebe6aeea605224e9a491c	0.0	5.0	0.0	0.0	0.0	0.0	0.0	0.0	0.0	0.0	0.0	0.0	0.0	0.0	0.0	0.0
c958cbbf678c72d81532c9524793133f	0.0	0.0	0.0	0.0	0.0	0.0	0.0	0.0	0.0	0.0	16.0	0.0	0.0	0.0	0.0	0.0
c98a88d7223d51f3036702ae226208e4	0.0	0.0	0.0	0.0	0.0	0.0	0.0	0.0	0.0	0.0	0.0	0.0	0.0	21.0	0.0	0.0
ca24aba12f71cec6b04f7c7bbf858970	0.0	0.0	0.0	6.0	0.0	0.0	0.0	0.0	0.0	0.0	0.0	0.0	0.0	0.0	0.0	0.0
cb7b937fdccf682f018b57aa6b9d92b2	0.0	0.0	0.0	0.0	0.0	0.0	0.0	0.0	0.0	0.0	2.25	0.0	0.0	64.5	1.75	0.0
cbcac742ee0fe0fc0887caec139df345	0.0	0.0	0.0	0.0	0.0	0.0	0.0	0.0	0.0	0.0	10.0	0.0	0.0	0.0	0.0	0.0
cc317363688ee459f5eabf6de028af01	0.0	2.0	0.0	0.0	0.0	0.0	0.0	0.0	0.0	0.0	0.0	0.0	0.0	0.0	0.0	0.0
cc317e92246b4428b3aee0ede910c48c	115.0	0.0	0.0	0.0	0.0	0.0	0.0	0.0	0.0	15.0	4.0	0.0	0.0	0.0	0.0	0.0
cc835cc7ebc38d0e1d73df0367a8a232	0.0	0.0	0.0	0.0	0.0	0.0	141.0	0.0	0.0	0.0	0.0	0.0	0.0	15.0	0.0	0.0
ccb2f7758da8224d78b4320a96557bf3	0.0	0.0	0.0	0.0	0.0	0.0	0.0	0.0	0.0	0.0	0.0	0.0	0.0	0.0	0.0	2.0
ccd8d159fb729f3445532bc326600d8d	0.0	0.0	0.0	0.0	0.0	0.0	0.0	0.0	0.0	0.0	0.0	0.0	27.0	0.0	0.0	0.0
cd33d521d1dfcb297336e993ca998d2d	0.0	0.0	0.0	0.0	0.0	0.0	0.0	0.0	0.0	0.0	0.0	0.0	62.0	0.0	0.0	0.0
cd80dd1cd9e3c865247031431704a396	0.0	0.0	0.0	0.0	0.0	0.0	0.0	0.0	0.0	0.0	31.0	0.0	0.0	0.0	0.0	0.0
ce186b1b765739648883b5233c15b2bc	0.0	0.0	0.0	0.0	0.0	0.0	0.0	0.0	0.0	0.0	0.0	2.0	3.25	0.0	0.0	3.25
ce2c967a3c7bf7381e7ae5d2835091a4	19.0	0.0	0.0	0.0	0.0	0.0	0.0	0.0	0.0	0.0	8.0	0.0	0.0	0.0	0.0	0.0
cedd868c934a96c93be6be397d6906f3	0.0	0.0	0.0	0.0	0.0	0.0	4.0	0.0	0.0	0.0	0.0	0.0	0.0	0.0	0.0	0.0
cf027e595318e96b4d9b1f117910a192	0.0	0.0	0.0	0.0	0.0	0.0	0.0	0.0	0.0	0.0	0.0	0.0	0.0	0.83	0.0	0.0
cfb74a6ad6ae05af94a1dcea08532ee5	0.0	0.0	0.0	0.0	0.0	0.0	0.0	0.0	0.0	21.0	0.0	0.0	0.0	0.0	0.0	0.0
d0a152210e2ca09c67ee88a1b3a26ab3	0.0	21.0	0.0	0.0	0.0	0.0	0.0	0.0	0.0	0.0	0.0	0.0	0.0	0.0	0.0	0.0
d187bafb45edd127a9c101cb07c20e09	18.67	0.0	0.0	0.0	0.0	0.0	0.0	0.0	0.0	0.0	0.0	0.0	0.0	0.0	0.0	0.0
d1b3c24bee11d73dd5a01f0747390e5b	0.0	0.0	2.0	0.0	0.0	0.0	0.0	0.0	0.0	0.0	0.0	0.0	0.0	0.0	0.0	0.0
d202f3307c961e13204522d055c7ce59	0.0	0.0	0.0	0.0	0.0	0.0	0.0	0.0	0.0	20.0	0.0	0.0	0.0	0.0	0.0	0.0
d216699703c6b92ccd7d442f757e4f73	2.0	0.0	0.0	0.0	0.0	0.0	0.0	0.0	0.0	0.0	0.0	0.0	0.0	0.0	0.0	0.0
d272bf25781448dde9031a24679a9012	0.0	1318.0	238.0	280.0	399.0	187.0	323.0	852.0	284.0	340.0	129.0	317.0	423.0	278.0	197.0	527.0
d2a1963d56a6de56da5199954610f855	0.0	0.0	0.0	0.0	0.0	0.0	0.0	0.0	0.0	0.0	0.0	2.0	0.0	0.0	0.0	0.0
d2a42cbb202318280734739d972f7978	0.0	0.0	0.0	0.0	0.0	0.0	0.0	0.0	0.0	0.0	0.0	0.0	0.0	0.67	0.0	0.0
d2db856518fd766a454c3e2f8e8679f0	0.0	7.0	0.0	73.0	23.0	190.0	122.0	229.0	75.0	607.0	123.0	311.0	204.0	115.0	85.0	11.0
d32e14006b84622fb1ca3c014e971803	0.0	0.0	0.0	0.0	0.0	0.0	0.0	0.0	0.0	0.0	0.0	0.0	0.0	2.5	0.0	0.0
d33d84f90d2924040cf2eb66c7abe2fc	2907.0	1510.0	2470.0	3282.0	1776.0	3205.0	2335.0	1265.0	6135.0	3520.0	4599.0	13367.0	1055.0	3562.0	4032.0	13634.0
d45736b6f82debb4d08dfca41d6847da	0.0	0.0	0.0	0.0	15.0	0.0	0.0	0.0	0.0	0.0	11.0	0.0	0.0	0.0	0.0	0.0
d47c3e0c088f9573cf1fef5c3a32b048	62.0	27.0	13.0	7.0	0.0	0.0	31.0	0.0	5.0	8.0	12.0	0.0	0.0	0.0	0.0	0.0
d4cb4aa504b26f90a0b855e5c112101b	0.0	0.0	0.0	0.0	0.0	0.0	0.0	0.0	0.0	3.0	0.0	0.0	0.0	0.0	0.0	0.0
d56eaa36a4b7bef8907a79d5b40dbf5f	0.0	0.0	0.0	0.0	6.0	0.0	0.0	0.0	0.0	0.0	0.0	0.0	0.0	0.0	0.0	0.0
d585fd2188706c6e80793a7b50b3a779	0.0	0.0	0.0	0.0	0.0	10.0	14.0	3.0	0.0	13.0	0.0	2.0	11.0	0.0	0.0	0.0
d5ec353771b0d1c54dfe52f2e2d9a089	0.0	3.0	0.0	0.0	0.0	0.0	0.0	0.0	0.0	0.0	0.0	0.0	0.0	0.0	0.0	0.0
d5f054df843833cf00325882a9d6f8a8	115.0	0.0	12.0	0.0	0.0	10.0	20.0	0.0	0.0	0.0	0.0	0.0	48.0	0.0	0.0	0.0
d69ec305e55c09fb5227943d19503f8b	0.0	0.0	0.0	0.0	0.0	0.0	0.0	0.0	0.0	2.67	0.0	0.0	0.0	0.0	0.0	0.0
d6f6819315230e8d29170aa908269c34	0.0	0.0	0.0	0.0	0.0	0.0	0.0	0.0	0.0	0.0	19.0	0.0	61.0	0.0	0.0	0.0
d7520dd99322ba43ae4332d331315af1	0.0	0.0	0.0	0.0	0.0	81.0	0.0	0.0	36.0	0.0	49.0	0.0	317.0	101.0	0.0	0.0
d81e5971134008e59c9a6753f80f12cd	0.0	0.0	0.0	0.0	0.0	0.0	4.0	0.0	0.0	0.0	0.0	0.0	0.0	0.0	0.0	0.0
d905189c7cc95dd740900394eacb4d9f	0.0	0.0	0.0	0.0	0.0	0.0	0.0	0.0	0.0	3.0	0.0	0.0	0.0	0.0	0.0	0.0
d9f8c1e1d4dae43bf4e90ddea0712d58	0.0	0.0	0.0	0.0	0.0	0.0	15.0	0.0	0.0	0.0	0.0	0.0	0.0	0.0	0.0	0.0
da341a94f4697dab148d34ccbdad9ed8	0.0	0.0	0.0	0.0	0.0	0.0	0.0	0.0	0.0	0.0	0.0	0.0	14.0	0.0	0.0	0.0
da894e460bcf635cf1b20e0c9361a4db	0.0	0.0	1.75	0.0	0.0	0.0	0.0	0.0	0.0	0.0	0.0	0.0	0.0	1.5	0.0	0.0
dae851685e5b5cce4b86f1d0f66641fc	0.0	0.0	0.0	0.0	0.0	0.0	4.0	0.0	0.0	0.0	0.0	0.0	0.0	0.0	0.0	0.0
db24050d1b1c55d82cc94544698c3670	0.0	0.0	0.0	20.0	89.0	0.0	0.0	101.0	0.0	0.0	101.0	0.0	341.0	153.0	24.0	171.0
db79c4d460a806bc26e762c2be4c76d4	5.0	0.0	0.0	0.0	0.0	0.0	0.0	0.0	0.0	0.0	0.0	0.0	0.0	0.0	0.0	0.0
dba42fd5fa555c066ec22372dd68225c	9.0	0.0	0.0	0.0	0.0	12.0	0.0	0.0	0.0	0.0	7.0	0.0	0.0	0.0	0.0	0.0
dbbe813b201ec15a7877822b79adb5b0	0.0	0.0	0.0	0.0	0.0	0.0	0.0	1.0	0.0	0.0	0.0	0.0	0.0	0.0	0.0	0.0
dc9cbbd1b7de998b82fea899957ca40a	0.0	0.0	1.0	0.0	0.0	0.0	0.0	0.0	0.0	0.0	0.0	0.0	0.0	0.0	0.0	0.0
dcd1ed4e7a5785653cfca1c50cc62cf2	10.0	0.0	0.0	0.0	5.0	27.0	84.0	22.0	12.0	0.0	0.0	0.0	0.0	0.0	0.0	0.0
dd743437a8d4cbd4fae3e2274b64e7fc	26.0	0.0	0.0	0.0	0.0	0.0	31.0	0.0	0.0	50.0	0.0	0.0	0.0	0.0	0.0	0.0
dd80586956db79d480f6a5cd69017286	0.0	0.0	0.0	0.0	0.0	0.0	30.0	0.0	0.0	0.0	9.0	0.0	0.0	0.0	0.0	0.0
ddf507751b49961b729adbcef3eaf3c7	7.5	0.0	0.0	0.0	0.0	0.0	0.0	0.0	0.0	0.0	6.0	0.0	0.0	0.0	0.0	0.0
de086ad2ea3d649a4a98cffd1c6d31a9	0.0	0.0	0.0	0.0	0.0	2.0	0.0	0.0	0.0	0.0	0.0	0.0	0.0	0.0	0.0	0.0
deabfa9b86859ef2403b750939009ee3	0.0	12.0	24.0	0.0	0.0	0.0	25.0	0.0	10.0	20.0	0.0	0.0	0.0	0.0	0.0	0.0
dee5f395664a71de3c2c34c4bfff411a	0.0	0.0	0.0	0.0	6.0	26.0	20.0	0.0	0.0	0.0	0.0	0.0	0.0	0.0	0.0	0.0
dfa833b266bd2993b86feab3617b34c3	0.0	2.33	0.0	0.0	0.0	0.0	0.0	0.0	0.0	0.0	0.0	0.0	6.67	0.0	0.0	0.0
e00af2fd551160e54cee46d7bb7cc763	0.0	0.0	0.0	0.0	0.0	0.0	0.0	0.0	0.0	0.0	0.0	0.0	0.0	10.0	0.0	0.0
e014683cd1c94833812146d299696709	0.0	0.0	0.0	0.0	0.0	0.0	0.0	10.0	0.0	0.0	0.0	0.0	0.0	0.0	0.0	0.0
e0b0a7ad510ead979385562710216501	0.0	0.0	0.0	0.0	0.0	0.0	0.0	0.0	0.0	0.0	0.0	0.0	5.0	0.0	0.0	0.0
e12cb15d3f1ac7cc13b68f6324088339	0.0	0.0	0.0	0.0	0.0	0.0	0.0	0.0	0.0	0.0	26.0	0.0	60.0	0.0	0.0	0.0
e175ffa8dcd0c86ee36d1cf2e0bb16e0	0.0	0.0	0.0	0.0	0.0	0.0	0.0	0.0	0.0	0.0	0.0	0.0	0.0	24.0	0.0	0.0
e19edaf07cc6a4882093de33b76fe2f4	0.0	0.0	0.0	0.0	0.0	0.0	0.0	0.0	0.0	0.0	0.0	0.0	0.0	2.0	0.0	0.0
e1d098412c88700cbd3c119e7c62f2ca	0.0	0.0	0.0	0.0	1.17	4.33	0.0	2.67	0.67	0.0	0.0	0.0	0.0	0.0	0.0	0.0
e1e11bd34a38fa815033a3d66a912a2f	0.0	0.0	0.0	0.0	0.0	0.0	0.0	0.0	0.0	0.0	0.0	0.0	0.0	4.0	0.0	0.0
e29c99f8a4c9617e4ea6e88c27f33c92	0.0	0.0	0.0	0.0	0.0	0.0	7.0	0.0	0.0	0.0	0.0	0.0	0.0	0.0	0.0	0.0
e2eb5c0101662445b8fecbbc45b1c275	0.0	0.0	0.0	0.0	2.75	3.75	0.0	4.75	0.0	0.0	0.0	7.75	0.0	0.0	0.0	0.0
e304bdb0262a6b1d89d61b74cb36e168	0.0	7.0	0.0	0.0	0.0	0.0	0.0	0.0	0.0	0.0	0.0	0.0	0.0	0.0	0.0	0.0
e315aec29cb2e804509ed6df185ebb16	0.0	0.0	0.0	0.0	0.0	0.0	0.0	0.0	0.0	0.0	15.0	0.0	0.0	0.0	0.0	0.0
e399a15427ead6c8a6557f052e0fcd32	0.0	0.0	0.0	0.0	0.0	0.0	0.0	0.0	0.0	28.0	0.0	0.0	0.0	0.0	0.0	0.0
e3a1ce78be71c193d48a59ac3788a6fc	33.0	0.0	0.0	13.0	18.0	0.0	19.0	0.0	34.0	0.0	0.0	0.0	0.0	0.0	0.0	0.0
e3a7e679803930e26907d816d2e6b7b3	0.0	0.0	0.0	0.0	0.0	0.0	0.0	0.0	0.0	0.0	0.0	0.0	0.0	0.0	0.0	11.0
e41375bd06424fdf1659448e6416bfd2	1344.0	0.0	0.0	365.0	61.0	29.0	1102.0	115.0	0.0	36.0	1490.0	0.0	280.0	47.0	17.0	643.0
e59eee9966629f136b8a5a48c7e64728	0.0	0.0	0.0	0.0	0.0	0.0	0.0	0.0	0.0	0.0	0.0	10.0	0.0	0.0	0.0	0.0
e64adc3e5db5e317355902efa6e1a28e	0.0	0.0	0.0	27.0	0.0	15.0	14.0	40.0	0.0	12.0	0.0	0.0	14.0	0.0	0.0	6.0
e68232c813113acedf433f2403824273	119.0	0.0	0.0	0.0	0.0	0.0	0.0	0.0	0.0	0.0	0.0	0.0	0.0	0.0	0.0	27.0
e6b05a69bc7fa8dc428caa3d409c9fbb	0.0	0.0	3.25	3.25	4.75	4.5	5.75	0.0	3.0	0.0	0.0	2.0	0.0	0.0	3.5	0.0
e6d0647a222b16af885e120a1cdee720	0.0	0.0	9.0	0.0	0.0	0.0	0.0	0.0	0.0	0.0	0.0	0.0	0.0	0.0	0.0	0.0
e7aa26a79f359504c44572a115aa826b	23.0	0.0	0.0	0.0	0.0	0.0	0.0	0.0	0.0	0.0	0.0	0.0	0.0	0.0	0.0	0.0
e8aaedc4c0d09855711590eaae9f2da6	0.0	2.0	0.0	0.0	0.0	0.0	0.0	0.0	0.0	4.0	0.0	0.0	0.0	0.0	0.0	0.0
e8ad6d88ff8cddfcfd8a4d724cee15e1	0.0	0.0	0.0	0.0	0.0	0.0	0.0	0.0	0.0	42.0	0.0	0.0	0.0	0.0	0.0	0.0
e8ed0907c731eee94b9cf18c7d2663dd	0.0	3007.0	0.0	0.0	0.0	0.0	0.0	0.0	0.0	0.0	0.0	0.0	0.0	0.0	0.0	0.0
e94a9da4bdf2d1d6fd8b6216ea53a5ab	1556.0	4605.0	1864.0	2436.0	1738.0	1175.0	2066.0	2271.0	2958.0	801.0	15.0	0.0	884.0	1320.0	710.0	343.0
e9b2dd709e597470d2d8ded16c2bad44	22.0	0.0	0.0	0.0	16.0	29.0	32.0	0.0	0.0	35.0	43.0	0.0	63.0	50.0	0.0	19.0
eaa1b8f83e64d38c1a2d60a817056d36	0.0	0.0	0.0	0.0	0.0	0.0	0.0	0.0	0.0	0.0	0.0	0.0	2.0	0.0	0.0	0.0
eabd41028b3b1a9535b2cfe48549ae7f	33.0	0.0	0.0	0.0	0.0	0.0	0.0	0.0	0.0	10.0	0.0	0.0	0.0	0.0	0.0	0.0
eb2a1bdda09ad78fccd11bbf24d218ac	0.0	0.0	0.0	0.0	0.0	0.0	0.0	0.0	0.0	0.0	24.0	0.0	0.0	0.0	0.0	0.0
eb68501e24a861edb62cad3324f965cf	0.0	1.5	1.25	0.0	0.5	0.0	0.0	0.0	0.0	0.0	0.0	1.25	0.0	2.5	1.75	2.5
ed9b4b764e352bbceae25babfc6f6acb	0.0	0.0	0.0	0.0	0.0	0.0	151.0	0.0	0.0	27.0	0.0	0.0	0.0	0.0	0.0	13.0
edc87298bf055f439613382eda59bb49	0.0	0.0	0.0	0.0	0.0	0.0	0.0	0.0	0.0	5.0	0.0	0.0	0.0	0.0	0.0	0.0
ee88800fb63646d8ffbffb52664c9ea7	0.0	0.0	0.0	0.0	0.0	0.0	0.0	0.0	0.0	0.0	0.0	0.0	6.0	0.0	0.0	0.0
ee906f614e4ebc7b3a733dddb7312508	0.0	6.0	0.0	0.0	20.0	0.0	2.0	0.0	0.0	0.0	0.0	0.0	0.0	0.0	0.0	0.0
eef5233fe8f458a87e488b0141cbf062	0.0	0.0	0.0	0.0	0.0	0.0	0.0	0.0	0.0	0.0	0.0	4.0	0.0	0.0	0.0	0.0
efd16e2812ba5e6e2dac44acccf7ca0e	0.0	0.0	0.0	0.0	0.0	0.0	0.0	0.0	0.0	2.0	0.0	0.0	0.0	0.0	0.0	0.0
f085fc752da0d9f6b53bda5a3544d75e	6.0	0.0	0.0	0.0	0.0	0.0	0.0	0.0	0.0	0.0	0.0	0.0	6.0	0.0	0.0	0.0
f17a432d453766621511d977f2055939	0.0	0.0	0.0	0.0	9.0	0.0	0.0	0.0	0.0	0.0	0.0	0.0	0.0	0.0	0.0	0.0
f1af9421e9f77622ee75388247a564f5	0.0	0.0	0.0	0.0	0.0	0.0	0.0	3.0	0.0	0.0	0.0	0.0	0.0	0.0	0.0	0.0
f211fa3ad27d25782d9e790b71e3d355	0.0	0.0	0.0	0.0	0.0	0.0	0.0	0.0	0.0	0.0	15.0	0.0	0.0	0.0	0.0	0.0
f24661c2241ba01165750dce08c99208	0.0	0.0	7.0	0.0	0.0	0.0	0.0	0.0	0.0	0.0	0.0	0.0	0.0	0.0	0.0	0.0
f24fb97f9535ab02ce6f7913c70cc0ee	0.0	34.33	73.33	12.0	0.0	17.0	13.0	0.0	8.67	36.67	17.33	6.0	57.0	4.67	13.33	30.0
f29dd546a8a13a23d642556853baa9bc	0.0	0.0	47.0	0.0	0.0	0.0	0.0	0.0	0.0	64.0	0.0	0.0	0.0	0.0	0.0	0.0
f30e34615227fb494c91d21f07600494	0.0	0.0	0.0	0.0	0.0	0.0	0.0	0.0	0.0	2.0	0.0	0.0	0.0	0.0	0.0	0.0
f34fd15993e221eafdd334d97aebc8c9	0.0	0.0	0.0	0.0	0.0	0.0	0.0	0.0	0.0	7.0	0.0	0.0	0.0	0.0	0.0	0.0
f367f1804562637beda20b5f0f1844dc	0.0	0.0	0.0	0.0	0.0	59.0	0.0	0.0	0.0	15.0	0.0	32.0	0.0	0.0	13.0	33.0
f3af51f3f43889493bd30ca85a993721	0.0	0.0	0.0	0.0	0.0	0.0	0.0	0.0	0.0	0.0	9.0	0.0	0.0	0.0	0.0	0.0
f4443734566f96c1ab12e6e5b28b1e9b	0.0	0.0	0.0	0.0	0.0	1.5	0.0	1.75	0.0	0.0	0.0	3.25	0.0	0.0	0.0	0.0
f448b68d3f43ee04b9c47209ae186801	0.0	0.0	0.0	0.0	0.0	13.0	26.0	0.0	0.0	0.0	20.0	0.0	0.0	0.0	0.0	3.0
f49b6dab9667b7929bb08a81b4d58ab1	0.0	81.0	0.0	0.0	15.0	23.0	0.0	50.0	0.0	18.0	19.0	34.0	25.0	25.0	17.0	0.0
f4b946aa0c512befbc9abcc303de0c8c	0.0	0.0	0.0	0.0	0.0	0.0	9.0	0.0	0.0	0.0	0.0	0.0	0.0	0.0	0.0	0.0
f4fac2a0b9f60fc53422f64f8e1c4fd5	20.0	0.0	0.0	0.0	0.0	15.0	0.0	0.0	0.0	0.0	0.0	0.0	0.0	0.0	0.0	0.0
f4ff14d3f52ba2184c15467038504692	0.0	0.0	0.0	0.0	0.0	3.0	0.0	0.0	0.0	0.0	0.0	0.0	0.0	0.0	0.0	0.0
f5210c9c83b265473ce108300278d8bf	0.0	43.0	0.0	0.0	0.0	0.0	0.0	0.0	0.0	0.0	0.0	0.0	11.0	0.0	0.0	0.0
f59ee6e40c4438a5d32b2bd1e7a6c50b	0.0	0.0	0.0	0.0	0.0	0.0	0.0	0.0	0.0	0.0	0.0	0.0	2.0	0.0	0.0	0.0
f5dc601245b2bf7af6d9592b78f3306f	0.0	0.0	0.0	0.0	0.0	4.0	0.0	0.0	0.0	0.0	0.0	0.0	0.0	0.0	0.0	0.0
f615ac13e0ad288606206ef6e51ff00f	0.0	0.0	5.33	0.0	0.0	0.0	4.33	0.0	0.0	0.0	0.0	0.0	0.0	0.0	0.0	0.0
f6ab4281ac86631132d95041834e11c9	5.0	0.0	0.0	0.0	0.0	0.0	0.0	0.0	0.0	0.0	1.83	0.0	0.0	0.0	0.0	3.17
f6dff704745f31eac456a5be103981c8	0.0	119.0	0.0	0.0	0.0	0.0	15.0	11.0	6.0	0.0	0.0	0.0	0.0	0.0	0.0	0.0
f7d0518f8796d07ecdb3c489994f856f	0.0	0.0	0.0	0.0	0.0	0.0	0.0	0.0	0.0	0.0	0.0	0.0	9.0	0.0	0.0	0.0
f858bcb19c610e0187ebd60bda2d7c84	0.0	0.0	0.0	0.0	0.0	0.0	6.0	0.0	0.0	0.0	0.0	0.0	0.0	0.0	0.0	8.0
f85bb0a7fb3c6424429c7c02dba024d1	0.0	0.0	0.0	0.0	0.0	0.0	0.0	0.0	11.0	0.0	0.0	0.0	0.0	0.0	0.0	0.0
f864a9bb7b607fb3e1fa9c79b238c56d	0.0	0.0	0.0	0.0	0.0	0.0	0.0	0.0	0.0	0.0	6.0	0.0	0.0	0.0	0.0	0.0
f91d3b38973a1fa96271b404adbecbbc	0.0	0.0	0.0	0.0	0.0	0.0	0.0	0.0	1.25	0.0	0.0	0.0	0.0	0.0	0.0	0.0
f9e09116bd536c0a53c6f31d7ded2371	0.0	0.0	0.0	0.0	0.0	0.0	7.0	0.0	0.0	0.0	0.0	0.0	0.0	0.0	0.0	0.0
fa18371d7062793ea19a315790b69117	0.0	0.0	0.0	0.0	0.0	0.0	0.0	0.0	0.0	0.0	2.25	0.0	0.0	0.0	0.0	0.0
fa56c0d5b7183160f19ad598b8c108e2	0.0	0.0	0.0	2.0	0.0	6.5	8.0	0.0	1.5	2.75	0.0	1.5	0.0	0.0	0.0	0.0
faf31accab2461c7365cff2f5b58408e	0.0	0.0	0.0	0.0	0.0	0.0	51.0	0.0	0.0	0.0	0.0	0.0	0.0	0.0	0.0	0.0
fb07aa62419f07119874d68515a83da1	0.0	0.0	0.0	0.0	0.0	0.0	0.0	0.0	0.0	0.0	0.0	12.5	7.5	36.5	0.0	0.0
fb2395b2587180bb262f26c5bb10a5c2	579.0	0.0	124.0	26.0	0.0	0.0	0.0	107.0	0.0	121.0	0.0	0.0	0.0	0.0	0.0	11.0
fc7bca7e6ec63b7d0a2f9cd2f566a854	0.0	0.0	19.0	0.0	10.0	0.0	6.0	19.0	0.0	9.0	0.0	0.0	0.0	0.0	0.0	0.0
fd3f0ad2379a32c7bf86a3133e5b1879	0.0	22.0	0.0	0.0	10.0	40.0	65.0	0.0	15.0	27.0	35.0	0.0	36.0	24.0	0.0	0.0
fde66059cf3ed856e815c98d66b562b6	0.0	0.0	0.0	0.0	0.0	0.0	2.0	0.0	0.0	0.0	0.0	0.0	0.0	0.0	0.0	0.0
fe033ae5b9559770d1b4b40cfc3f41c0	545.0	23.0	161.0	48.0	0.0	0.0	0.0	60.0	39.0	0.0	197.0	0.0	59.0	0.0	0.0	0.0
fe119f8087ac2c3ec65a74b29d92c2a5	0.0	0.0	0.0	0.0	12.0	0.0	25.0	0.0	0.0	0.0	0.0	0.0	0.0	0.0	0.0	0.0
fe3932c155e9d06370740434d53dd491	0.0	0.0	0.0	0.0	0.0	0.0	68.0	0.0	0.0	0.0	0.0	0.0	0.0	0.0	0.0	0.0
fe5f196fca47cf421dcaf2106ff627bc	0.0	0.0	0.0	0.0	0.0	0.0	0.0	0.0	0.0	0.0	0.0	0.0	0.0	30.0	0.0	0.0
fe84fcb1126e45b77237b6cab44283fa	0.0	0.0	0.0	0.0	0.0	13.0	0.0	0.0	0.0	0.0	0.0	0.0	0.0	0.0	0.0	0.0
fecf5a38dc9e203a485cfef20640d579	0.0	0.0	0.0	0.0	0.0	0.0	0.0	9.0	0.0	0.0	0.0	0.0	0.0	0.0	0.0	0.0
ff4764132b8938ee8ba5cf5cd156be12	10.0	0.0	0.0	0.0	0.0	0.0	0.0	0.0	0.0	0.0	0.0	0.0	0.0	0.0	0.0	0.0
ff651bd7b0bf6148e158f353fc40b47d	9.0	0.0	0.0	0.0	0.0	0.0	12.0	0.0	0.0	0.0	13.0	0.0	0.0	0.0	0.0	0.0
ff74de69263e439518e4316d6d97440d	0.0	0.0	0.0	0.0	0.0	0.0	0.0	0.0	0.0	0.0	28.0	0.0	0.0	29.0	0.0	0.0
ffa86e7079d7cb07f856b11c71beb5c2	0.0	0.0	0.0	0.0	0.0	0.0	0.0	0.0	0.0	0.0	0.5	0.0	0.0	0.0	0.0	0.0
ffb64c1000d6bddd49e4d839ef69059c	0.0	0.0	0.0	0.0	0.0	0.0	0.0	0.0	0.0	0.0	0.0	0.0	0.0	0.0	0.0	36.0
ffc36e27c82042664a16bcd4d380b286	3.33	0.0	0.0	0.0	0.0	0.0	0.0	0.0	0.0	0.0	0.0	0.0	0.0	0.0	0.0	0.0
