pathway	AD1	AD5	AD6	AD8	AP2	AP3	AP4	AP5	AP6	AP7	CON1	CON3	CON4	CON5	CON6	CON8
1CMET2-PWY	12976.223634335027	13429.68720660655	5821.578594242996	5253.971414838959	6402.91559539796	8769.991980354585	13086.967157712606	9896.191107346187	5686.163020695841	8181.193745616453	8776.602370154147	7119.937347072994	9080.689791481072	6641.613698204125	4247.551491624141	10572.23988493687
ALL-CHORISMATE-PWY	20.747230351785475	0.0	0.0	0.0	0.0	0.0	0.0	0.0	0.0	0.0	0.0	0.0	0.0	0.0	0.0	0.0
ANAEROFRUCAT-PWY	16503.177439719493	19764.848731390513	9318.421628177295	10305.559785095595	10835.72141925863	11358.87567555454	17735.934997056265	12823.540469718377	14396.438349902222	9921.185022671092	11861.52280968752	10263.35019636675	12747.191945743205	9878.653917615364	6944.392298300839	17612.053242406455
ANAGLYCOLYSIS-PWY	19539.061758631375	24092.903019757832	13817.393874081012	13949.86014048019	16908.254583019465	17522.065363110214	22082.499399585064	18839.370756823268	19358.82605444781	13827.5349022879	13590.859023364997	22248.515430029754	15288.575954331209	14408.757420445812	14094.216822970788	26395.195802578575
ARG+POLYAMINE-SYN	2617.4637015815742	1002.7619791073641	671.2747861789298	655.2371606520691	1510.0059357022712	1838.1541088794384	2530.7528194540796	2089.914566597568	779.5784929519183	2291.5764385416983	1523.0074904902465	1294.5635404245645	1279.8348679411288	1313.5161504785074	552.1449742396313	1917.483176608513
ARGDEG-PWY	7.757346898799848	0.0	0.0	0.0	0.0	0.0	0.0	0.0	0.0	0.0	0.0	0.0	0.0	0.0	0.0	0.0
ARGORNPROST-PWY	2644.2009504048897	998.9162754920048	419.6164789154423	586.8828843012225	547.7276477267139	712.4638539538271	1337.3040031824069	938.1379651597267	164.3174350159587	631.3851327066582	338.98168492392494	178.94416315349417	929.5447075947579	162.87933758223116	325.81228034788046	759.246567124304
ARGSYN-PWY	11941.346291127376	12303.551821992858	4791.024326515033	4373.884782024875	4755.699354321659	5494.406227761514	10795.42122121927	7045.572637273887	5446.519495591785	6181.089556921756	8499.9855400732	3808.065921591121	7358.1592494517	6642.179446433797	3168.427272716268	8927.237964956568
ARGSYNBSUB-PWY	11329.963108700857	11042.241766921032	4159.294625422956	3306.604838492077	3949.1140450738653	4501.016090760048	10099.88511360296	6047.75927838945	3998.301794114538	5389.701951233854	8596.648223191256	3205.797967342666	7412.276492283336	6328.8592388450925	2724.7353724986865	8629.51580430456
ARO-PWY	10449.647497194925	8661.126188121225	3242.7995958501665	2686.3798272360314	3504.566181399933	4823.757702647936	9298.257093624816	5919.39802708293	2474.333477531558	5077.394031272724	7524.255261754599	3172.6268296317944	6647.0222691221725	4442.07033062999	2024.7384320091323	6378.981037301701
ASPASN-PWY	11509.064649874512	14376.209104964812	5541.071610113107	5467.233033347318	7127.794132671104	8581.999855337968	13791.857503545036	10400.504254019677	6493.685206988065	8078.723128554225	9239.912411501518	8235.36529634997	9437.325859169816	7489.2736737930045	4950.8248634250995	12373.072348581372
AST-PWY	3.33	0.0	0.0	0.0	0.0	0.0	0.0	0.0	0.0	0.0	0.0	0.0	0.0	0.0	0.0	0.0
BIOTIN-BIOSYNTHESIS-PWY	23.04897315831798	2395.777486865659	0.0	68.43001540480282	199.76982655021368	317.3507002144404	248.94081288675807	772.3655666393212	82.30639207570796	235.22460808496808	246.2108792290235	431.297472793077	326.9301214331954	329.33816558258815	244.48083264849564	137.19218627133503
BRANCHED-CHAIN-AA-SYN-PWY	12941.815006126637	10287.435548749772	4278.578069715237	3995.189091016159	4504.209072026981	6432.076267941565	11740.20580675253	7238.772276025509	4307.531968155196	7185.419905924147	10111.564282722555	5673.586172305702	7889.685442840196	6113.639754990551	3286.6423185803746	10605.088773800817
CALVIN-PWY	16789.653323680413	20152.39129864866	8267.398074125647	6835.643869588988	8799.496538418864	10353.997668865337	17360.113694584295	11895.85566947548	7140.003703003259	9159.606223090363	11357.817555479576	7632.514800457522	12380.474110099452	9096.920785027509	5820.790467312325	14427.3715065093
CENTFERM-PWY	142.0612566995521	221.00234047894753	310.7488765247148	354.2473341839669	545.0452217150416	1093.6414894730672	1546.5638240277992	657.0092073315882	430.94444287816964	498.9788404326666	266.68924005839176	474.2720854630001	275.33950003064507	84.53974031093028	187.06861718273623	671.296130168199
COA-PWY	15803.337950421153	19448.912035703666	11338.215416194285	12109.048931372914	14128.557844911107	14575.425019978205	18175.669213929064	15400.490816412503	17110.19502824625	11396.119345931498	12060.809820849392	20271.316768342418	12618.216414777768	12460.326701463251	12362.889527849338	23796.68941534456
COBALSYN-PWY	7134.075913837423	5729.072783872807	1570.5277088829075	1120.9926908280438	1531.61456800074	2129.7370929072995	5012.648704341895	2514.5610312138233	1287.2394434120597	2558.979743366388	4494.948547710355	770.3114574785707	3125.559065492011	1835.4972364753846	673.1510464535097	2841.883238484795
CODH-PWY	263.6032399415748	77.83716650447552	81.69898584553013	57.852951718856275	113.50814944445412	34.954027215888196	38.95302124946797	76.78208358816333	6.998481295448783	94.5677752373764	187.39146473479727	41.95288630161207	264.8785311225536	140.13708465607087	29.9611270058465	244.63949371072718
COLANSYN-PWY	3390.9200902604166	7872.817962875355	2656.38784505269	2594.135666089043	3758.3880922670573	4547.233164989334	7027.6660956480055	5859.1392346491675	3761.103910027861	3885.1786428541536	3921.13548608425	4292.352160126231	5176.534353160719	4106.974731282853	2815.2550938594104	6577.453220662742
COMPLETE-ARO-PWY	10832.811929762735	9115.823418812635	3415.8959451318406	2889.2428777433406	3656.8061413546084	5038.0229741858075	9693.424311647854	6188.883702668631	2729.742569071195	5296.181443534014	7850.156304510335	3543.0617238557425	6933.339659357849	4688.0334980477755	2217.6462710860023	7006.572678590794
DAPLYSINESYN-PWY	13114.910492917666	14697.892955513784	6237.384323310737	7899.635552593525	7674.049786831657	7836.581839859499	11980.254971173192	9698.536044463166	11839.491690441066	6531.969758528375	9290.089703651523	6162.277799356435	8183.78463841513	8174.310162964884	5132.293272241227	8748.598719685233
DENOVOPURINE2-PWY	14169.636620845842	19336.421357504005	10232.862306837016	12101.604003400167	10957.295209464726	12392.95517667847	16204.365106031493	12691.169583248819	18193.448242139762	11336.078052502664	12279.744093052455	22914.670747901906	9530.858739597832	12496.637356123267	10746.302835961009	26821.16507339991
DTDPRHAMSYN-PWY	15237.212755593368	25056.216318391107	11343.132235677773	11935.299312371857	14704.307475881185	12882.936663266202	18716.85590664872	17448.778970260704	14690.804689126406	9512.049219051496	6950.306404663054	4858.606647811905	12329.699110484575	10002.339253453905	9130.25086957615	8512.25133797213
ECASYN-PWY	5.760455805659426	0.0	0.0	20.78597951296654	0.0	0.0	0.0	0.0	0.0	0.0	0.0	0.0	0.0	0.0	0.0	0.0
ENTBACSYN-PWY	17.69306938807037	0.0	0.0	0.0	0.0	0.0	0.0	0.0	0.0	0.0	0.0	0.0	0.0	0.0	0.0	0.0
FAO-PWY	80.63590162114362	125.38928284317169	166.2750395648601	361.32590345425297	321.8076447200263	686.1727424709331	965.1017132838612	397.01795009374104	305.8804734856349	254.98929888548022	144.07512160084156	387.2924111339082	162.15673023894638	37.38525710887227	216.03351936856222	409.09161566046896
FASYN-ELONG-PWY	14434.94570904443	19515.861322410634	9717.466089685264	11924.112752283972	10722.460137801894	12408.179056576515	16311.394969118444	12976.633740597703	18379.570030364193	11609.316365177801	12128.527555894876	23559.57818763556	9622.945431594522	12140.06619579189	10120.683003964961	26916.13770014518
FASYN-INITIAL-PWY	8.322416146406434	1146.7444706115514	0.0	24.961415643683512	74.64681863115908	122.51612147839553	92.20646550028903	310.38626127271465	29.95897568623082	89.52511770122953	94.52381115290413	168.0493745126497	124.06446225049667	127.34929335427393	94.13171899171604	49.89598649299249
FERMENTATION-PWY	6709.258912954213	11394.387914923598	5939.163564815023	5637.975232602347	9139.916834429256	8457.835829337879	10271.989283981964	10285.659862983059	6670.295396127889	5813.911430582615	3900.6542521905462	4701.49057499086	8326.109658337924	6046.601095256667	6729.806901489556	7825.372663467761
FOLSYN-PWY	6878.34075988646	12995.146877769897	3719.1773343888613	5299.604035727018	6552.276519731933	6750.086757290658	11110.915126129568	9930.097040973591	7414.848395742517	5935.62107974984	6454.942637598374	6234.710526286983	7351.475420911718	6715.687146637999	4558.394008045276	9618.354336486942
FUC-RHAMCAT-PWY	1877.6188251527344	804.1199798552414	514.0893654666373	215.84519407000585	195.29896098613904	647.3973553948131	1523.8140016444445	794.534828282908	149.3195000771511	1271.4906582108795	403.6192671030651	219.0340306980007	676.7715512129175	420.6218085875965	136.57349713930432	1212.975752084757
FUCCAT-PWY	2032.535045291701	513.3243219346396	329.48270800236514	192.12967675346422	189.0213430163338	486.4621970141457	1006.3743207095897	551.5254708127509	88.92060091302224	935.656207971274	348.4760942775232	162.62367235298402	446.0115390203427	249.32626254114928	78.49614310820911	907.9069221914516
GALACT-GLUCUROCAT-PWY	4513.195762873177	5908.660416391689	1701.40017934161	1298.2463967800113	1734.0563040956642	2075.837981351243	3527.4670418643373	2813.247585147127	1514.711293914342	2249.2694777241873	2484.165047452983	1467.3724953172127	2678.052830422186	1498.1892019791692	1107.505073226117	2844.5515474191507
GALACTARDEG-PWY	204.3331837936639	0.0	58.092857754399596	0.0	0.0	18.840017078210238	60.84678209735381	0.0	0.0	34.4262620274933	0.0	0.0	190.8001717693818	9.481266519842176	0.0	0.0
GALACTUROCAT-PWY	5746.571958186038	7180.461996588613	2280.43212699218	1512.1848557096607	2096.14073879589	2988.830698048544	5437.812913372415	3352.464571732852	1866.1523897468794	3173.9435203199596	3207.697915846174	1738.5462126961218	4107.78546817801	2100.6360509229726	1390.1094591191509	3617.6534579866857
GLCMANNANAUT-PWY	11990.516554175652	11628.886661953642	7780.402708734243	8172.043183159016	7899.643562136023	10264.732021024302	11427.658080807636	7965.202007574221	14272.758801059961	10678.630045081221	11201.104336782024	23909.965660845046	10191.784113450021	10311.825579770099	10124.31651485386	26499.373623460724
GLUCARDEG-PWY	934.0289325130311	385.81628457456463	363.0034977836165	23.210920186285534	76.5569831635486	179.3937998017515	301.1744589387163	110.75325665049748	48.891835459432286	403.71190489226774	49.34349132149179	0.0	488.4650077338518	98.86140854152549	30.553473074989824	216.20802950511694
GLUCARGALACTSUPER-PWY	204.3331837936639	0.0	58.092857754399596	0.0	0.0	18.840017078210238	60.84678209735381	0.0	0.0	34.4262620274933	0.0	0.0	190.8001717693818	9.481266519842176	0.0	0.0
GLUCONEO-PWY	14373.99035047803	20157.42007142698	9763.960377515132	10644.224055003922	12506.135591522856	13286.054770701516	17281.46608561207	15053.260298666628	15173.80755695867	11154.745162891488	8980.005677982332	16601.945320947492	11884.770338245531	10584.781349691451	10050.671111332638	19075.015877545142
GLUCOSE1PMETAB-PWY	6.658933819588033	4.659453043928565	0.0	19.98373774842622	0.0	0.0	0.0	0.0	0.0	0.0	0.0	0.0	13.333305414712651	0.0	0.0	0.0
GLUCUROCAT-PWY	4761.628554788106	5717.940386404469	1615.3728854374358	1303.3116672129158	1743.4617256138615	1927.35740386833	3242.864132385599	2805.0042645914414	1553.9969554521435	2143.3228319540103	2545.50535260666	1412.7942640459298	2620.5810345559184	1470.4293079664992	1130.4277796875365	2771.5732136351
GLUTORN-PWY	7895.937758388877	6835.480866392052	2310.586279429727	1732.7748850751298	2288.023687051803	2848.0108891807895	6922.578947479869	3919.3820242167203	1986.027086048213	3524.2653642214354	6418.81471497354	2567.3671467055055	5750.750311640968	3906.9570241394804	1598.854903309519	5559.941887191276
GLYCOCAT-PWY	14003.804340449497	12067.013692816176	5035.2768891204105	4072.3033180295893	4359.163256601461	6537.592569594849	11170.140779685293	6640.111606935836	4616.238969539451	7517.155752794575	10344.055869255924	5329.895313898857	8174.212381869394	6881.079131648414	3321.439384341727	11364.441847517148
GLYCOGENSYNTH-PWY	15374.827998631783	11845.02064306723	7029.705476447831	7579.3703037020305	5973.069784563691	9608.182056870539	12714.592951709477	7557.679024979865	11794.121261671386	10538.189101719428	13239.416102099438	21793.086341635746	8372.132414319889	9446.908545916865	7977.247527522157	24888.82580088355
GLYCOL-GLYOXDEG-PWY	5.327100824663689	0.0	0.0	14.10796900128925	0.0	0.0	0.0	0.0	0.0	0.0	0.0	0.0	0.0	0.0	0.0	0.0
GLYCOLYSIS	16886.80395501413	19732.37728355964	9784.564323687999	10597.255051751468	11503.10827442007	12137.291777038312	18102.57292412686	13447.29700835287	14672.875936306133	10444.953414546464	12645.689537214	11929.217247287821	12919.250461712381	10516.103233961185	7864.159674880802	19186.199696388652
GLYCOLYSIS-E-D	9829.597997876936	15484.92469711572	7195.755288579735	6436.205682800814	7957.890244509795	7366.123245462078	12118.005644582274	9953.231239358782	8584.251561866242	5853.073269439882	4411.020133653597	2588.530802531819	7780.539051961039	7766.239744523557	5279.178749001963	8541.214120568846
GLYCOLYSIS-TCA-GLYOX-BYPASS	23.80935871614373	0.0	0.0	86.15629295461648	0.0	0.0	0.0	0.0	0.0	0.0	0.0	0.0	0.0	0.0	0.0	0.0
GLYOXYLATE-BYPASS	13.300116806704963	0.0	0.0	19.909494506400115	0.0	0.0	0.0	0.0	0.0	0.0	0.0	0.0	0.0	0.0	0.0	0.0
GOLPDLCAT-PWY	3138.6416894668655	3040.9884927471157	2740.3746118613767	3524.0608285264816	2565.6583678273214	2402.5219845523397	3411.630659578485	2150.416566142205	5026.045677117851	1714.3315005383847	29.877988593154296	0.0	1533.46523998548	2434.594542050804	1370.4391981169692	949.031243429277
HEME-BIOSYNTHESIS-II	122.42453535278794	214.53551287916122	178.42948928827008	398.1334862499688	350.64826249864853	777.9617041198057	1105.7272269251082	507.0756288305499	376.14171876285735	273.7387515143547	274.9858165401411	507.64921420383604	367.6689704302087	178.28828742481562	269.3103110659145	493.05986541263565
HEMESYN2-PWY	5494.5237555127915	3010.7039929341354	1730.6303416156	1383.5787095969501	2007.2784495475557	2834.5367132412953	5582.1180664487165	3269.735496161321	1623.8242696190127	3336.453873765641	3534.4591137771067	2163.3571356611988	3447.2484503261767	2681.5827885138715	1326.00323592095	5448.5193638158
HEXITOLDEGSUPER-PWY	1472.379923486836	523.0633798152545	161.38401274875793	173.26589011025845	484.41600096451367	921.1967457790012	208.88490531042174	194.0942411344621	5.358187758000115	407.1772891774769	334.0180496524512	43.611491588657245	168.56005703376647	134.27113190441122	0.0	0.0
HISDEG-PWY	1851.0127746550845	2394.7567279277737	685.4715284715285	894.9100975614946	1207.1338292954438	1716.3613088424142	2408.692077773589	2650.5535148742924	1011.3233453609773	1766.768858800774	643.9764357844488	1631.8212969465285	1255.104369879048	744.5043651349441	720.3352066351483	1224.4246691396913
HISTSYN-PWY	8527.976231520128	8410.134575693799	2679.633821473737	2473.1158165307784	3190.727364281109	4110.011746321255	8165.960924342147	5578.326767562693	2686.999364501629	4624.620576638613	6427.659573086738	3314.413899999547	6101.208516825636	4217.474858763827	2093.9793068136532	6034.226347734067
HOMOSER-METSYN-PWY	173.04618152435145	1690.8008001944902	625.2104377930212	620.1679672811645	1010.9148833211015	822.7934693223041	2158.694450175558	1783.9316592952362	1179.9929668152367	710.6361890956399	2171.8185897368016	1181.7984482185682	2136.8826789011723	1999.4574584089773	968.2022491011734	2886.1250623663195
HSERMETANA-PWY	3441.0719922437934	2137.141045421899	714.7390327874085	1290.3734066750567	1639.890509668514	2311.718896947924	4207.3131825574665	3268.9465514790595	1663.5498236199228	2244.917195129305	2665.226982044173	2260.7379778561394	2827.187815507268	2114.3122382714037	1295.211435699037	3211.9334390633567
ILEUSYN-PWY	15207.70165364152	10974.0408048939	4980.422954164152	4402.656485441125	4809.4447154055	7041.470746164423	13642.479051762233	7819.239395886836	4492.695013537703	8424.18535960752	11428.37271342095	5815.473109369269	8764.674002983216	6512.830633498804	3365.1498444012436	12089.681377553445
KDO-NAGLIPASYN-PWY	26.33259179346377	0.0	0.0	76.43306313294728	0.0	0.0	0.0	0.0	0.0	0.0	0.0	0.0	0.0	0.0	0.0	0.0
LACTOSECAT-PWY	5795.560098740351	4201.532400640451	6249.595162646661	6940.198157814578	5659.756149902879	8022.531156628417	6103.029035909165	4186.333526260875	9651.15259186351	5894.250365053362	6582.08321885102	19343.989362105025	2281.725648548107	6098.550318813535	8610.258463481103	19913.584239223885
MET-SAM-PWY	268.20092154746857	2581.5949683440317	977.2745653773336	985.8442936745801	1596.6693366612658	1273.593091537402	3259.2762641468335	2722.3856986520004	1974.3198155456557	1093.5607944082976	3238.643587407623	1942.4059655727588	3198.1131107988404	3178.8497839870633	1609.0394959795706	4745.916720892263
METH-ACETATE-PWY	11.824354166105831	40.4017712653514	0.0	0.0	7.630556329360881	13.545060194603488	15.773710282536822	0.0	0.0	24.818632583348734	69.05522452054736	0.0	55.62096949809071	30.52971027422052	0.0	22.038225895518604
METHGLYUT-PWY	4.162177808377558	0.0	0.0	0.0	0.0	0.0	0.0	0.0	0.0	0.0	0.0	0.0	0.0	0.0	0.0	0.0
NAD-BIOSYNTHESIS-II	689.9119714633355	304.2178631789611	32.78846378068848	164.1778991197903	53.25770028215797	116.60578810641826	327.98127079916617	255.88640177978536	29.72305661612647	221.54409747448713	253.64632513169855	163.9857045486896	304.8385042946277	61.28699460781938	80.54561182887677	312.36885346418893
NAGLIPASYN-PWY	2055.5318225704514	3831.414208901884	1229.37351711671	1595.0026642503938	2140.348021984167	2503.047260283053	3849.5043887673082	3811.7653540239203	2157.652298580875	2229.2556779871707	1818.0702781494563	2776.6526982405358	2619.7279742187784	2064.5715131941056	1682.1291772796972	3430.831757854833
NONMEVIPP-PWY	10430.2737098258	10637.26242969115	3784.36049694287	3351.599106224723	4457.9846416237615	5937.361252837118	9982.072589045532	7087.981432710928	3767.54725624236	5882.346415604225	7427.515748894256	4446.768550365804	7233.1161063951895	5360.291405679917	2832.0509859266026	7551.813440411732
NONOXIPENT-PWY	22438.01439434941	21629.371659998174	10808.618533463537	7853.200440077083	12288.489669861638	14692.090363001162	21080.51978283036	15094.33625066654	6222.207118811184	12211.323838908887	14989.372656832613	6716.441782330082	15190.327000365016	11164.871949151766	7333.698871694628	14437.930459476618
OANTIGEN-PWY	13102.402108433796	19148.925068745582	10457.122347590943	10795.755568908848	13477.28264261059	12610.419854647747	15885.962628347774	14413.636754559742	15380.05978750413	9457.210343922186	8554.396067172724	8760.65217261058	11332.882521860562	10711.558768117073	9967.101872290898	13434.425459025655
ORNARGDEG-PWY	7.757346898799848	0.0	0.0	0.0	0.0	0.0	0.0	0.0	0.0	0.0	0.0	0.0	0.0	0.0	0.0	0.0
ORNDEG-PWY	6.655655381553325	0.0	0.0	0.0	0.0	0.0	0.0	0.0	0.0	0.0	0.0	0.0	0.0	0.0	0.0	0.0
P105-PWY	49.487232853121	0.0	0.0	142.60609676871056	0.0	0.0	0.0	0.0	0.0	0.0	0.0	0.0	0.0	0.0	0.0	0.0
P108-PWY	3629.7483393281727	5442.999259531921	1930.9878174139021	2350.4080030392142	3002.2647319660296	4115.506218819964	5617.092769263368	5265.633937772402	2948.9382527422786	3883.6015369557394	1900.8705535127688	3469.4892153913415	3598.935140138937	2463.3485806905587	2158.9572612802353	3871.0847729394286
P122-PWY	11611.43452745828	16775.616014823067	11100.84635366857	11905.800896885212	13749.878074998576	13379.556075419545	14918.317895513235	13736.11871425732	17255.14519030037	9764.709653347323	8536.58742924571	19317.18807571816	10115.042654978313	11170.781815181972	12126.925481843062	21771.970349927822
P124-PWY	14326.09256082774	18471.420744297757	12379.296648232485	13275.433333144227	15394.043165001667	15547.22179566431	17361.645799815033	15543.150025409235	19407.620632130463	11705.980513395336	10924.314542623753	23357.037739448886	11802.830807223221	13119.81860751125	14001.433331614318	26196.04029532878
P125-PWY	0.0	0.0	10.496830924309553	32.969801478406126	297.7080676422992	658.069012853611	38.96543395958652	40.459581631886145	8.99825246595799	23.98028665535221	29.968321981843044	20.9926116391749	2.9994799424302623	14.992856992321727	0.0	4.499711906624549
P161-PWY	18679.763225877592	19109.2052156136	14406.15061614591	15536.79868957382	16955.93300535921	16814.01764195534	19286.64311313677	16540.022545170672	21994.58955150027	12934.699135065068	12478.61497200882	26487.557046029193	11855.779407029982	13740.820382978456	15352.04810848486	30061.566799657718
P162-PWY	210.94271974206845	36.19351836730969	48.72847755768337	0.0	179.04406777375385	272.0042142375004	103.8294190554806	16.820458948038976	11.4848927587087	123.33833274268927	224.68682596780138	21.09704624470629	287.4990064955199	117.06340151377715	0.0	134.05007344583512
P163-PWY	89.63423824620853	189.6676303744387	34.588379296577045	30.30653180230026	0.0	0.0	300.5848888967773	0.0	0.0	90.33139993523147	177.8517564753142	190.65200259269955	289.0697157124623	11.905995482459575	0.0	189.1866322240793
P164-PWY	5654.05814092375	1056.836891709237	1539.2567925437231	307.0233601977458	278.5292457139976	864.4120341837225	2145.924760854691	1202.8724354090598	231.0697199941781	1724.8940529683516	1244.02980947208	220.70169567920425	2449.486394437896	550.745044008169	149.5470951399469	1578.3195351094212
P23-PWY	872.9056501113404	6758.571309708218	2294.651314906691	2552.727982950073	3512.203006604124	3669.3613083891896	6229.6454198774045	5668.491743271697	2683.008265987883	3130.024966698748	1929.3208608201364	1821.4402854032173	3712.908770737609	2860.3193956047116	1952.1209014371489	3954.883391299458
P341-PWY	758.804554178399	159.41569785433825	74.75707366577201	0.0	32.46146411712479	26.225508306468893	153.11831668326099	0.0	0.0	220.35140036256837	251.7436011463464	0.0	379.36814801949527	62.34159429967121	0.0	126.2978998277375
P4-PWY	864.5264437270222	5714.5481884406645	2205.4131884646417	2122.9376499828995	2892.955704520386	2861.1668070087735	6317.881055465039	4592.69976286174	2917.387687925685	2616.046153472355	4870.2609130247165	2928.6389006616955	5053.897581949325	4826.315769633326	2096.7864349413753	6787.334606621546
P42-PWY	6391.458142736366	10146.763633632365	3781.3523426515617	4049.4537392835196	5470.008912701559	6309.598811308412	8899.07712753742	8375.504353889099	5256.960821637727	5967.539864030599	3689.528073276954	5847.293764640557	5967.03428992341	4698.078729298824	3985.236300772242	7838.4393697146525
P441-PWY	13342.96293841337	17131.103266504415	9613.634601039605	9221.02361660273	10032.481867692997	10554.88792431326	14859.976208037531	11639.768760869023	12277.21279634052	8750.112358520704	7298.905276007636	5418.621327139707	10008.450406164451	10703.398406000451	8464.649253720003	15200.690480009547
P461-PWY	6062.045961556998	3955.7785900893755	5100.575695154681	4911.703909795626	5353.399153463031	5352.7047734509815	6787.994817875203	4170.381031706277	6175.230239067826	4294.8559136029535	3217.171468646656	1874.2467631112459	5580.756590826909	6337.321440701301	4440.1274569109255	6862.9101699137245
P562-PWY	222.08957047376842	69.1471723511299	62.03437471709043	4.791058746827485	97.20682961885407	31.279468215126982	153.2858916671675	0.0	0.0	46.81462235271558	38.13481228668942	6.588487155090389	22.377581903510677	8.202531645569621	0.0	3.8008684203008825
PANTO-PWY	6509.358571919154	6265.636608558195	2476.1619377904185	3301.3494350844617	3800.317428419144	4189.637918153944	8099.838499729326	5940.791239752971	3639.531098948516	3831.615699886785	5022.827713535074	3477.8954835159902	4822.421624760744	3718.861115188949	2485.5908800338957	5497.314081005997
PANTOSYN-PWY	8059.108052880372	8064.266233799622	3378.060213231195	4354.716040038789	4949.685648881546	5615.222439451574	9829.880042110453	7530.878580771461	4967.727283629203	4986.956192013882	6463.64111794152	5168.592722365613	6106.2076424846855	4844.988529507073	3538.7603459992133	7821.571794020371
PENTOSE-P-PWY	10862.343959977898	9072.670550161485	4656.297173111797	4490.7476528809975	5334.333245926503	6273.0581613215045	11462.518948278255	8857.04751855814	4251.816724145961	6471.784023932159	7557.597640569301	5539.987546555217	7495.587182442986	5617.469311298689	3689.8085767502675	9684.771860658215
PEPTIDOGLYCANSYN-PWY	17451.26082628191	21206.931694338677	12455.542596312309	13327.17822810459	15464.006282067225	16003.350382483097	19800.70692105396	16762.50482470128	18847.298429284107	12607.544036490264	13268.792434711344	22524.513218420347	13614.19650445429	13720.007531512021	13460.14229797478	26285.89907413244
PHOSLIPSYN-PWY	18452.22595169739	21841.465248320506	12747.665173849502	13492.194132274191	15977.285721781458	16192.119400427855	20685.775987213845	17264.571114989038	18801.667592397753	12729.144647739857	14304.37735615883	22300.60634305271	14464.358705194361	13890.94389553303	13529.835121079394	26708.0372576069
POLYAMINSYN3-PWY	449.8824948163057	37.890309595338984	207.51066832112926	0.0	15.831107171673013	210.752374896424	994.6076237065821	131.76885802924414	36.51831032723315	156.72656388868182	52.57338402849591	12.675731320920592	327.24709221327726	49.295258244561516	0.0	60.073095299805225
POLYAMSYN-PWY	1503.450014260535	524.6837303919159	363.3258887813768	354.23773504660625	898.5360057555602	1104.5164010886658	1449.0005830302464	1226.9888653304379	420.0823772707043	1416.9556291189149	871.6033475719463	780.8519608090396	709.9368111892694	743.8065764351047	302.8030879581825	1091.6924266906608
POLYISOPRENSYN-PWY	12461.53911094793	16691.967803127925	10665.634750113246	11470.05401599463	13309.98539921325	13349.352905728001	15291.875410438613	13663.303840664797	16433.37271506715	9912.261161847118	9584.813065696406	19417.387371185396	10443.892161372356	11245.27095593401	11811.420552587691	22101.8109540053
PPGPPMET-PWY	8.323424805348084	1372.8575058727642	265.2545087510314	446.67264129251566	799.6808223444211	238.44929917094998	1699.6378377449182	1332.6224372603626	1093.9405117981464	0.0	1956.8219126256347	1119.5645877930724	1891.6366470683772	1830.9312866903651	944.8005650618754	2903.0060817574704
PRPP-PWY	9512.97636682925	8606.576160796409	3637.4264534630825	6100.041965710508	6624.599738605487	7890.864609324108	11652.435423388082	9497.717779110608	8883.974495261848	7138.341891385461	7768.823572507752	12073.040473806312	6988.767590561709	7647.102679871685	6224.22224321147	13882.387869140624
PWY-1269	2067.246102666213	3581.9635292092194	1190.8292538266292	1489.690881542652	2015.5677850952975	2385.8057461429757	3675.3035340310857	3572.4296120521144	2018.9507743603592	2145.139906317206	1764.6523816469573	2610.8884569813304	2542.0956959366104	2014.0732955995124	1581.3324779515979	3234.7344734137964
PWY-181	0.0	248.1822687130673	366.3762501008778	85.04877894450287	15.843987433978139	123.8731720592387	100.45867702306535	0.0	66.43939680713046	203.68013733316138	133.1277461855216	46.66952916433761	404.73404892105674	36.844155959693644	99.12071726517456	227.6866312312293
PWY-1861	2227.4949955113066	607.6991965154768	441.3245415666434	122.87915722800588	172.649281508993	265.4196922895879	492.13586270238915	0.0	71.2339152724328	565.0550982023432	569.244568295295	37.83188952313424	1347.3702984371755	1205.7994809830805	102.27188511530106	369.13790094178387
PWY-2941	11933.662814114172	14484.248957959286	7775.501540529119	9366.234153005755	8281.25326428222	9677.62513872744	12561.54121571771	9053.592844672732	15795.876854879012	9562.688279550728	10071.067060981688	19804.68917173006	10240.581592229693	10826.570118891448	8742.847931486935	22770.989489472962
PWY-2942	16845.461157574715	18165.750746642254	8848.573768122353	10259.195734690496	9585.25382805565	11690.707435103925	16869.937321443966	11816.980897530739	16668.91789326696	11811.884598957407	13143.435414033886	20980.089321340743	12989.22541132427	12269.496161187542	9442.286724934107	24937.408945617575
PWY-3001	12799.722803330576	12774.270807468829	5836.928460017628	5833.967515312553	6054.534474578399	8099.253962502516	12981.021205998246	8659.460201959424	6802.717869386067	8732.345668329259	10657.219271507425	8862.65787956338	8532.90029373542	7893.360518740344	4733.456661591526	15079.497116353918
PWY-3781	123.0697076547984	1267.3634323817207	1058.4516485969834	2053.637748275873	2411.7648975440366	4009.8376474974175	5671.118637292811	3276.060898029269	2365.2062740412525	1449.1462641079506	1777.08326487123	3011.817307535426	1691.5762086635955	1616.9715789404593	1801.4232381384682	3590.7126073044415
PWY-4984	274.0638141103356	4666.239382257294	1194.7691311285425	1772.159854285903	3646.9119547433165	2850.011030285341	4177.557386830878	4425.7523444817625	4476.148168685738	2284.772353196823	2421.7706295241787	2417.435015597578	6157.255519036566	4109.587632054918	2734.0484091710223	4185.426908653092
PWY-5005	0.0	81.64552821481834	166.51831023537818	28.550676480033662	4.7948469862563154	40.44825209994258	31.069783664367275	0.0	20.70796612122828	86.18313499235651	41.14349225409601	14.358591186691898	133.5428578706752	11.17855063912457	31.68695241657907	71.28226104744859
PWY-5022	423.05618127444495	74.708926999889	180.36841550071668	93.43336010526414	404.4502433877891	576.311840632243	791.4279637503864	34.73293102540085	26.604535430121878	259.61419786499295	543.5299487835612	264.34633434695684	642.0248655210158	368.4083257786335	52.87418734590421	544.2499429045034
PWY-5088	11.717771509544518	0.0	0.0	0.0	0.0	0.0	0.0	0.0	0.0	0.0	0.0	0.0	0.0	0.0	0.0	0.0
PWY-5097	16899.26270809336	18043.2605446489	8834.706914679828	10210.750125231945	9525.258893874487	11575.899423779343	16703.128432145837	11710.55144241257	16612.744912331025	11706.868490299094	13098.654693526196	20915.87129669998	12953.61846589599	12198.113244341694	9403.177403310434	24835.09524553793
PWY-5100	21969.23666660669	28933.941881448198	16381.286636498673	17021.73596892557	19589.810609764296	20110.749679494085	24432.18919241598	20598.780069757617	24349.014848669198	15906.064867942101	15612.014008937904	27122.432487330436	16725.838374541974	17666.259797165996	17058.440997981103	32381.43121362097
PWY-5101	15703.00512976027	11690.589984057378	5090.023554639221	4448.317002830484	5010.395449860883	7224.617590095408	14054.374548937532	8240.709655048893	4590.10552548068	8575.933316109986	11687.156157040055	5900.291617003179	9302.285022944601	6774.2852437517395	3460.1032848017812	11965.873080259003
PWY-5103	12112.845625080006	10001.335750890683	3913.2402019603605	3498.934254540666	4152.221488426647	5924.386730787173	11009.050848495932	6876.346492405786	3803.4329642602984	6596.179710892003	9110.412397337663	4914.77440240418	7618.587294582982	5597.951192436367	2907.4185695760143	9164.88538973848
PWY-5104	14957.307370634073	11466.250916561745	4726.366540860287	4022.346778264487	4880.167842554294	6729.148465937448	13593.31871769503	7782.964641837896	4434.156153359175	7900.025103953007	11546.471994313759	5661.949247911214	9077.652852491661	6748.242818974313	3348.893714196106	12013.943611918743
PWY-5121	11300.088848124436	12228.078336259587	4766.75682556965	4264.26580412402	5591.923252855289	7194.434362292538	11347.578101271743	8375.600800934584	4905.612847740731	6818.9876413012	8150.7669774989645	5829.173784175003	8106.105158378362	6423.32374744461	3667.907737446798	9494.547681724174
PWY-5154	4083.933529225034	5575.5343681008335	2112.427701440498	2408.3389520819387	2973.7074778749898	3636.318541398374	5430.421427596211	4903.956221620433	2882.133338332143	3710.733986609306	1718.1075286088765	3454.292414578722	3183.83622229772	2285.75882799312	2136.3144682537677	3795.3991646253085
PWY-5177	81.03429542291994	115.4742120416923	165.95082298920585	13.805291297348813	247.23107634251332	551.9833690667789	669.6276451048782	289.35548353326993	74.55531391884506	264.7690625459145	150.04953976260785	67.8815743138952	153.9224765660277	46.939865373623775	40.90265942377895	300.5955554002639
PWY-5188	3931.4539859939423	6256.912639241902	1529.018754675705	1299.2539396039992	2131.212866429956	2364.617320374756	4951.233675220341	2902.467064873856	2027.712882235557	1812.0901942369908	3671.586230420144	1406.014755132439	3698.829640702756	2700.152636916543	1284.415074337415	3344.510398448011
PWY-5189	3897.475722188348	6081.788108680277	1447.9823642780557	1246.4144808547082	2020.1853520462753	2200.6675369856994	4724.123726842245	2722.7650436716813	1926.8232601118475	1673.8969611407128	3503.030251884991	1265.2812533774063	3538.9786874304714	2530.728669313527	1207.3073300414042	3183.7627397109068
PWY-5265	69.41700314286022	224.31162400381805	209.27806023482856	183.72023212569908	358.9210252254329	531.0878581499643	45.235462013735585	0.0	27.953303765845174	155.23898067996308	150.178019410014	0.0	0.0	0.0	0.0	28.77001387198466
PWY-5304	5.34	205.32	293.32	60.0	165.5	185.0	412.5	191.0	76.0	182.68	110.66000000000001	75.0	272.0	40.0	69.32	164.0
PWY-5345	194.45914248751814	486.20249065775545	571.7355125852298	809.7125022992814	858.1591019872825	1094.4593055929845	2521.257302030291	1196.0364688504599	823.2527731565422	866.995111307267	526.3548113654741	1270.6433827248375	1166.2089803525616	251.94023457691054	605.9055205455104	1158.753910292852
PWY-5347	396.98120494531094	3445.6313624786094	1292.0987864573417	1293.672247886313	2001.0044161427986	1720.455060001474	4209.29987975934	3391.22334868024	2352.214933391479	1507.9901595817964	4008.692809030819	2436.947922535746	3887.901521055533	3609.5599296463	1867.710005210048	5470.329197721781
PWY-5384	4428.579431226844	10731.29663932559	4088.947536497592	5097.218605006134	4747.864160230806	3565.3208901013313	6027.723034631818	5689.717195541012	7174.775691948629	2917.49945508385	506.4657712037247	0.0	2445.802207728012	3845.5895078995027	1969.1821173142653	1550.0170063545086
PWY-5419	0.0	0.0	0.0	0.0	2.1835365568520233	8.463990744223448	0.0	5.065231868834514	0.893319645428689	0.0	0.0	0.0	0.0	0.0	0.0	0.0
PWY-5484	17108.09395597625	20466.630090769024	10242.823211275876	11101.810718973826	12046.998962527938	12652.991024959205	18711.42116537443	14031.844321248023	15331.708263901544	10773.041785953435	12658.852286666848	12270.955360703167	13208.21250441172	10852.872081955897	8153.279347713335	19833.473516846938
PWY-5505	10329.846487404016	8095.03963357298	2702.6845052607837	1724.0994137644916	1645.5715957694435	2786.434761397582	7638.34707675624	2911.4804472093374	1020.8300860118234	3953.5444428567207	7373.246051449256	1029.8087085237198	5374.841054723583	3299.2942538735847	726.4027735561026	5119.639132655221
PWY-5509	7028.702375347595	5661.925266998143	1524.8988753713593	1103.3433289879476	1493.6932311708117	2070.401211674144	4926.665513767525	2424.8858749746864	1260.4770681976968	2491.600155397579	4433.945204087952	753.0332593199226	3056.106514603526	1781.7708141904739	644.9182298465175	2798.612636426537
PWY-5659	5726.446516341359	10653.090537471759	3485.829961617106	3727.787382020294	5854.357139206723	6976.21688223109	9639.999707957479	8688.054673641058	5073.577665640539	6093.836208867937	5476.736595996827	7004.380999063766	6832.631834406888	5771.377196226829	3763.1750497508733	8807.590484506178
PWY-5667	20008.41748245212	23008.915674526816	13413.168380570783	14236.999696957722	16517.09361553846	17302.41347985709	22288.743234383834	18068.96586891914	19664.699144813203	13696.521415587567	15170.483319963421	23435.678823656846	15134.36133522901	14476.171153488787	14161.372114834165	27961.581837004836
PWY-5676	929.3186066529188	814.704878356933	382.36101403830236	157.4682219965548	0.0	186.46169640358733	988.5941241124531	0.0	98.88664642242465	411.3873226081054	864.4080372234486	61.3488189263219	1912.0783863996526	55.07368300637	137.67286676361843	931.824235319281
PWY-5677	9.962378221401263	0.0	64.7776224093712	0.0	0.0	0.0	282.56198123791637	0.0	0.0	7.835657997212569	40.37521144764426	106.42847966925116	0.0	0.0	0.0	9.313719039147276
PWY-5686	18790.17206746603	23021.250661858758	13151.2255677313	13703.417893709713	16006.201232355417	16520.845872030768	21236.257537367703	17661.39769236355	19374.610826731256	13183.715142784915	14138.300001469795	22212.828442308273	15014.292819734306	14490.769335467146	14023.861651592151	26784.564518867166
PWY-5695	8260.885358157986	15367.18307897064	6146.953523713465	7391.2594341072045	8232.630343215991	8189.897263824947	12007.728702130122	10583.55885195689	11520.96851770796	7006.024676265714	4275.357405935408	6711.247032404385	9138.227595425073	7897.538468723161	6217.089546331004	9135.143636015535
PWY-5705	355.3693292974144	123.48260112068559	67.76037843915063	4.869565217391305	2.189129881292164	16.618626092190457	115.02304147465438	2.67	0.8738180632539942	54.78310052621479	46.19814358780072	0.0	188.88509277752024	8.846269103985616	0.0	6.130965402010387
PWY-5747	0.0	563.467018469657	107.00000000000001	173.39495798319328	330.2559880823422	100.38589631227669	708.1038491865237	552.7859376558066	448.0378554468702	0.0	861.2541254125412	459.9741379310345	821.4482764527041	786.0621460278586	392.6930320150659	1244.2166120639813
PWY-5837	7.727105436311477	7.718140935131832	23.39939413684652	62.523842991646895	117.09844310725722	165.21372257029114	17.374297270500975	0.0	0.0	33.410651686477046	0.0	0.0	22.564021369805403	0.0	0.0	10.39377008490184
PWY-5838	26.42225363746819	26.42301193146003	79.55111364207319	210.1175164642059	389.9166931477274	543.3990667234585	59.34692051707797	0.0	0.0	113.0550335922725	0.0	0.0	76.7181681857587	0.0	0.0	35.515646105599714
PWY-5840	26.434939928773943	26.42940802031987	79.74549352336864	211.1798370065793	392.59845584788604	547.6542265749806	59.37800637320724	0.0	0.0	113.25333593049362	0.0	0.0	76.79271727521713	0.0	0.0	35.52932371701828
PWY-5845	19.865588823996703	17.94793456653211	54.08854634067512	144.41814259192748	274.71442435431265	381.12767620890514	39.72704226647158	0.0	0.0	76.97039168457674	0.0	0.0	48.29536134031984	0.0	0.0	23.791035032707626
PWY-5850	19.865588823996703	17.94793456653211	54.08854634067512	144.41814259192748	274.71442435431265	381.12767620890514	39.72704226647158	0.0	0.0	76.97039168457674	0.0	0.0	48.29536134031984	0.0	0.0	23.791035032707626
PWY-5855	25.689696029893387	83.42217541379347	160.314500367105	53.40302820892972	0.0	41.9232703485295	32.32608411435935	0.0	21.508964591466448	89.20881773650213	78.72280977656254	14.935169844972847	137.74591972422698	11.63500641162117	32.867108570864254	73.8084666541598
PWY-5856	25.689696029893387	83.42217541379347	160.314500367105	53.40302820892972	0.0	41.9232703485295	32.32608411435935	0.0	21.508964591466448	89.20881773650213	78.72280977656254	14.935169844972847	137.74591972422698	11.63500641162117	32.867108570864254	73.8084666541598
PWY-5857	25.689696029893387	83.42217541379347	160.314500367105	53.40302820892972	0.0	41.9232703485295	32.32608411435935	0.0	21.508964591466448	89.20881773650213	78.72280977656254	14.935169844972847	137.74591972422698	11.63500641162117	32.867108570864254	73.8084666541598
PWY-5860	13.257966735795078	11.970453014610378	36.147678908665846	96.90310076792093	184.74622447408538	257.75487142695226	26.517578619998094	0.0	0.0	51.59611350316189	0.0	0.0	32.30019832110541	0.0	0.0	15.888325640190303
PWY-5861	17.64003729344729	17.626534425472965	53.226054807629616	141.40385911836	263.1862604838449	369.7721147104884	39.638043415776764	0.0	0.0	75.98110873543304	0.0	0.0	51.40658210344299	0.0	0.0	23.738736325704714
PWY-5862	13.257966735795078	11.970453014610378	36.147678908665846	96.90310076792093	184.74622447408538	257.75487142695226	26.517578619998094	0.0	0.0	51.59611350316189	0.0	0.0	32.30019832110541	0.0	0.0	15.888325640190303
PWY-5863	8.830368559732129	8.820219181882692	26.734242810121348	71.40253762381884	133.66585093670852	188.51143231831625	19.853541188385506	0.0	0.0	38.16783300405108	0.0	0.0	25.780458409090897	0.0	0.0	11.877816734855669
PWY-5896	19.865588823996703	17.94793456653211	54.08854634067512	144.41814259192748	274.71442435431265	381.12767620890514	39.72704226647158	0.0	0.0	76.97039168457674	0.0	0.0	48.29536134031984	0.0	0.0	23.791035032707626
PWY-5897	23.13847358541833	23.130711986793425	69.8495013357793	185.2617684114343	344.8896060460392	481.99526148080645	51.98419532311949	0.0	0.0	99.28071789436618	0.0	0.0	67.273877773157	0.0	0.0	31.10172029845338
PWY-5898	23.13847358541833	23.130711986793425	69.8495013357793	185.2617684114343	344.8896060460392	481.99526148080645	51.98419532311949	0.0	0.0	99.28071789436618	0.0	0.0	67.273877773157	0.0	0.0	31.10172029845338
PWY-5899	23.13847358541833	23.130711986793425	69.8495013357793	185.2617684114343	344.8896060460392	481.99526148080645	51.98419532311949	0.0	0.0	99.28071789436618	0.0	0.0	67.273877773157	0.0	0.0	31.10172029845338
PWY-5910	9125.10315844105	13413.171298399895	8965.290842367025	9365.128822074248	11532.994259508785	10882.304246606196	11949.821598186738	11176.807723766347	12766.418302468153	7227.0671829939765	6524.724574900934	3154.2890433834573	8063.0322967641705	8608.187828294007	9320.538495239734	10215.642827994232
PWY-5913	2679.248410302086	5399.312251554502	3572.8017411640953	3142.282029802329	5498.777599340206	5545.355968843871	7215.444036324907	6792.75369018349	3490.2975008799717	2483.9046466798018	1804.5225149745106	2489.907621274143	6022.9782787603845	3808.927070948233	3791.293742595679	3480.6082698780283
PWY-5918	292.3098560855587	510.05364874283816	379.4614192287624	681.0861812402545	702.8963720062736	1297.9937880811874	2069.8680750624094	1004.4171850002263	735.0292958496043	557.1143042709789	617.7289454440768	821.1300240548181	799.3241450969113	405.542750043864	511.86440369354506	1008.7916603518976
PWY-5920	12.949625772845897	75.92198224449902	222.24958890637143	132.26015198132	159.52353797563114	690.5345863190713	617.3941985681912	314.16438968201595	192.94178875761563	299.3117958665154	162.79591837937403	337.22751445429424	49.87998151403557	86.29604691895618	191.28753806193546	546.4113295893048
PWY-5971	16.63776712372674	2192.24093118038	0.0	49.83927347445752	148.52745690705945	243.2711413201833	183.61045793840768	609.5816133581491	59.84421806323046	178.048577918042	187.88489619363324	336.00653236414047	246.1263753300153	252.77042607931625	187.32780634502143	99.70104494183865
PWY-5973	17367.09499195795	20532.221552817035	9836.644542224518	11646.338642370272	10440.870392082474	12528.799360037121	17643.175033146275	13023.4582132896	17676.78971129165	12171.456546356516	13886.059860756532	23012.11868355352	10958.684045996577	12255.315035839383	9753.064739107162	26963.87216887768
PWY-5989	9.985413293630218	1361.8199026878672	0.0	29.93111594638064	89.45452679959946	146.79952844017194	110.5187103556031	371.3458584810006	35.92647535499633	107.34674560271066	113.05669798236111	202.1821328868146	148.62475636337072	152.46999758271335	112.87856484231979	59.86158995848596
PWY-6121	16881.234393199713	19111.748874312478	9147.744056489964	10205.253375259883	8989.67570516079	11537.400434403833	16492.195060500904	11631.00661903691	15487.878711821886	11876.59459037224	14458.737203626079	23702.748298480026	10146.824040580257	12202.353472366525	9358.65334649347	28075.41846777353
PWY-6122	17272.35606552021	19039.637677913724	9203.607781733412	10143.590191234849	8945.778232762366	11614.554326778463	16652.87234762552	11531.571040698738	15423.34640620621	12054.661142489776	15006.515620018317	24376.153093402063	10253.248041303339	12423.626447802058	9495.880321605877	28905.62899535581
PWY-6123	15404.287247311751	19510.629308178883	9818.028309346231	11729.612445747922	10023.110247890514	11650.247168965643	15941.626486032219	11993.613600009707	17567.19546960546	11072.897285917452	12226.266735240299	21882.196929687816	9635.872758779287	11944.24402518445	9545.594973359728	25620.192412128123
PWY-6125	12044.330902519308	18935.631766516177	10464.942946887313	12463.989804044597	11775.71696190765	12392.672380744725	15358.822418856405	12965.878283038352	18859.35352410332	10686.510299592039	10894.337442330872	22464.56727831399	8909.692282118509	12294.661698293805	11418.642524614555	25958.32780303595
PWY-6126	19515.37757224511	24225.165407110908	13809.049424718622	14755.822118386805	16939.713337968486	17287.698107100015	22143.61306100132	18500.128784686083	21023.248795074596	13900.461801777235	14362.12063010827	23439.634332265454	15511.395869773658	15238.999403565882	14580.726183009201	28206.01413464163
PWY-6147	8277.704067100698	14585.54443651071	4418.239466828258	5476.824945795564	5573.502394724466	5458.0077918476345	10257.508918526199	8263.364604277807	6993.187879462476	4675.793940043913	4953.812721285121	3143.3042291202605	5873.342741996186	5240.468122696762	3026.4526313244924	5743.425896010494
PWY-6151	14620.298187757397	18217.368396694044	11044.091115594567	11490.146152572646	13311.158340589443	13435.214950729465	16147.759580592361	13634.373939737137	16395.501553838687	10007.133869247742	11373.687307331944	19156.716352313902	11333.897845125277	11780.234481780484	11860.002302452667	22851.171154256863
PWY-6163	10529.51939854037	9737.471419996386	3622.66123841339	2983.1677572143694	3962.815776961271	5376.084917501401	9768.468738469845	6768.338005938162	2905.1231808244684	5358.339736939675	7526.958553645894	3632.4108190498814	6870.809182524901	4544.328560844254	2405.7631461243914	6563.70896908381
PWY-621	16717.04437484179	17459.72967673105	11785.714701351253	12143.381090766035	12988.714889043214	14882.832815187292	16696.760158113644	12702.507413616342	18248.485219865535	12750.158054489271	14167.483429739257	26233.380459885222	12234.483227671883	13381.492652393863	13832.054829014514	29860.316976253267
PWY-6263	2777.74417935255	2219.8997101667246	681.8487258803763	1077.550891901872	1542.6963868412472	1610.4793841740689	3177.024029306487	3260.156808653702	1803.9857345994426	1912.01244849222	1701.148357180149	2019.2054528191536	2598.27436218553	2159.3479343042163	1505.061044802369	2767.567799604527
PWY-6269	7058.07905574558	5681.130240978665	1533.1419171601194	1108.8286998986564	1501.1938899504687	2080.4504796972715	4945.453457671842	2435.1961776201892	1265.8204568074882	2504.471081941362	4444.713267861465	757.6065155985015	3071.121906422039	1787.2752922865736	647.8702088904502	2810.241914437831
PWY-6277	17272.35606552021	19039.637677913724	9203.607781733412	10143.590191234849	8945.778232762366	11614.554326778463	16652.87234762552	11531.571040698738	15423.34640620621	12054.661142489776	15006.515620018317	24376.153093402063	10253.248041303339	12423.626447802058	9495.880321605877	28905.62899535581
PWY-6282	9.986660333629327	1370.8681970450502	0.0	29.95524473547397	89.5727678095365	147.02526363526886	110.60495623636227	371.95069853184623	35.95763049908396	107.44079854929971	113.43871067661273	202.90165362069678	148.89716940785505	152.9100702259643	113.24020927306158	59.91899751798286
PWY-6317	16874.59535042867	20948.251890577278	12366.292714423835	12606.428896914062	14931.001107214066	15127.176658063707	18523.145469254443	15837.808333262936	17264.5572732482	11843.520483702132	11808.835166538986	20055.88417419529	12582.683206590504	12451.51381087294	12838.089958879142	23529.809681833198
PWY-6353	6993.2481874450195	2080.0160117313853	2907.0479340626766	645.7355532632794	586.5417424701482	2040.491686928864	4833.051205698885	2583.5884249148444	473.08051064594935	3346.18607903512	2133.4028353299736	157.1922871264281	4198.859444905851	1230.7114707972482	297.7615552621416	3279.1885336542987
PWY-6385	17422.827524621058	21185.529087282368	12451.851918884278	13295.054543169163	15386.672557843922	15916.31863612432	19771.3882705643	16702.39743351659	18827.870686063707	12561.60070050671	13260.66185017116	22448.65298051296	13584.511114656258	13656.028693983466	13451.665503441272	26252.194222004615
PWY-6386	17333.724255738838	20970.446685628733	12212.060577640557	13086.393146500432	15115.607922244704	15727.846945416166	19564.07638230953	16445.00710705312	18500.82144819631	12464.777208717158	13232.777775598799	22198.72012138904	13384.709243901916	13511.083208529597	13141.716285956301	25939.164062764467
PWY-6387	17831.387879984442	21661.009960431133	12749.471606788924	13648.996030552806	15793.83501112813	16354.967785181167	20217.6245927768	17113.21069944524	19326.58706579786	12888.53729627621	13558.183705671967	23122.24294707146	13868.293320378527	14048.647500667405	13763.876135929833	26950.374657887485
PWY-6396	0.0	0.0	27.944149291833476	87.55193730939317	757.9566667830585	1578.154711875396	103.37180491915542	107.24734353582683	23.976515914357577	63.63175917174623	79.27569192201051	55.868193714615934	7.99077709701594	39.882997597227316	0.0	11.994630920132822
PWY-6467	1975.0799999999997	3505.41	1126.9999999999998	1482.17	1982.3299999999997	2329.42	3615.6700000000005	3555.67	2009.33	2081.0	1730.8300000000002	2605.67	2457.6699999999996	1939.6699999999998	1570.5800000000002	3211.58
PWY-6470	420.53083831363426	95.54858459640137	66.8371994141662	85.84551524319264	367.02789703649086	855.702232533152	161.78177371846323	233.34720042867596	6.429831231553862	170.31641758826126	104.70467434779842	0.0	0.0	0.0	0.0	28.76826029069175
PWY-6471	14760.570704585945	18975.273738988803	11507.77700084337	12373.960585854438	14138.026781580826	14357.353254043488	17286.6732135578	14687.698584477013	17559.43029889867	10992.968810487662	11426.400999886022	20344.187027495496	11754.80432565946	12313.128614862842	12353.346734389843	23826.95796917584
PWY-6478	2103.2323267819625	515.9330058166518	726.1971039615335	110.31228026508785	206.0424240368654	371.20593179967636	1246.7008597362906	391.94078861512634	100.98990889484894	892.5376234315223	844.0608222769628	111.42375558523047	1182.1123928710824	314.3892077262759	0.0	849.1259886132455
PWY-6507	3838.968414878296	6172.511110757938	2185.9052784413257	1705.0437458492333	2487.843746370381	3103.6381800358936	5280.093779300679	4073.922192009967	2320.9385011879754	3207.1831087988367	2235.745561836635	1949.677590891711	3486.951098304784	2161.306836368313	1659.7179346244127	3765.016423662961
PWY-6519	18.166208216535424	2121.0365549923226	0.0	54.25382309907405	160.04848507711492	256.7604878920139	198.3090561164393	638.1163150876741	65.21446842675238	189.59407027997372	197.96999078648594	352.1209748386309	262.78585806149397	267.1029284795242	198.3898019197736	108.61806716835464
PWY-6545	2479.7370212388064	2835.358397666193	919.3283707205214	1061.7069240266612	2212.717685507206	2023.6574022828383	4242.182443057846	2623.2028206082273	2145.0329869359357	1383.5191205207864	3765.9079800363293	2389.8654669272673	3225.824586070484	3459.343505690931	1829.3603764037703	5953.622411075463
PWY-6572	0.0	2940.14977397796	646.8969591659427	720.1700094777708	1027.492900617573	785.792210794328	1705.9072924170546	2401.976269212097	768.2283969811149	1041.5903397886107	421.7028721875117	783.5207985609931	1119.6307533083218	764.1454332857609	500.01474715945784	1497.8681200082917
PWY-6588	2069.5315524263924	860.5645332436155	262.96886143702386	106.59483005092645	270.5206901051753	709.5483140302024	2112.271898531407	553.7478002665941	106.9349180075247	893.292911475998	1529.1732783487369	314.69806322121235	2123.477979914158	644.2438907657878	87.0860652861597	1115.073534412032
PWY-6590	182.2907508162127	283.42259545912896	397.2000634000899	452.5420258293971	694.7253633387594	1383.40392676074	1949.6721862033462	836.2600636709493	551.0707075474421	635.7060655401333	341.3361055033443	606.9599871056538	352.15777790170114	108.53638187155804	239.74065065217735	858.2759244069906
PWY-6608	6020.306109282547	1241.7879047588544	1976.9921601153633	366.30409514131884	330.445649981018	1245.1422515511645	3283.819436772472	1604.865154541378	262.8636613225279	2299.466711407207	1427.8215420024414	234.81122766776986	2979.1897147023456	721.6707289405992	165.58939041125325	2049.888695175118
PWY-6609	17128.545433321622	18511.467233932184	9597.030808338835	10835.69837958078	9625.762829098992	11942.01852232754	16117.995362037496	11710.017560591448	15888.080055853576	11354.950474583755	11509.19299277967	19961.16447677666	9449.782450529181	10768.796164741914	9385.713363508112	22866.511986571495
PWY-6612	5327.592251007455	10951.121276866246	2790.6392305258523	4131.843114035012	5282.53942167397	5349.672493205878	9256.960186353434	8458.819807406753	5757.9725250051	4738.592267297529	5199.921184981651	4616.083617381798	6115.11089932783	5426.160811521016	3498.466431902747	7372.3322506702725
PWY-6628	725.4776613412837	607.5014607198284	669.7768879762694	479.9721846964141	442.56161699748446	136.42741992589376	59.65660023279194	323.32709620645136	169.1819197122381	266.9614548151209	195.39475087058338	125.45097433436727	851.1541377899774	1952.7114759381213	265.01489173647457	137.3256607217621
PWY-6629	39.80685276380009	0.0	0.0	0.0	0.0	0.0	0.0	0.0	0.0	0.0	0.0	0.0	0.0	0.0	0.0	0.0
PWY-6630	725.094239378635	607.0006339372153	666.8156864263834	477.6064897191169	441.08670991972514	136.3144220245972	59.652123402855985	323.17424082889005	168.8272667485532	266.7556498354691	195.3644704938509	125.32808555140866	850.0636851969789	1941.2990849622136	263.85482658507607	137.2726560867655
PWY-6641	0.0	66.10871587189382	146.87742639926915	25.765206422552748	0.0	37.005125696666965	31.551511969249844	0.0	16.79798539497889	83.31185387856554	36.851654126509835	0.0	95.719315540797	0.0	0.0	68.8693728968117
PWY-6700	3268.9290878102433	5394.81254126392	2073.460194873852	1957.6155060793478	2628.1015393120833	3248.9231262130625	4328.403294731055	4145.7726353158005	2877.5645388599874	2678.4274826213573	3086.126349212177	3233.434694259931	3410.2155752950725	2915.5664673707915	2199.2558697407076	5098.12116453715
PWY-6703	2044.7917741450333	3563.3209220708254	1454.4153275991528	1411.349931682678	1783.393444210786	2126.558476214417	2971.707366305179	2920.535420482419	1657.9066096424515	1902.8202891120925	1572.357498393996	1751.192382491493	2005.2310648465316	1442.6628086012868	1208.208483774268	2398.0139481302576
PWY-6708	25.689696029893387	83.42217541379347	160.314500367105	53.40302820892972	0.0	41.9232703485295	32.32608411435935	0.0	21.508964591466448	89.20881773650213	78.72280977656254	14.935169844972847	137.74591972422698	11.63500641162117	32.867108570864254	73.8084666541598
PWY-6737	13054.378430567403	11466.441013378646	4653.2865445142315	3597.9686758101298	4120.170130868526	6005.9880699294745	10599.618113238976	6280.447093050121	3915.4163315885994	6870.526619149949	9372.269464709148	4286.209322051761	7797.862550259877	6356.297794904934	2844.227297056166	9690.140106962985
PWY-6749	37.294401749710744	433.8849951079825	201.15504078631542	119.3855989039826	312.376939191129	416.23885718701507	1083.465776559007	450.18059932344386	200.1212161688631	334.33242146072786	135.56553237649925	179.1731495909415	114.79733626114475	111.48799966139644	71.78288723906289	185.59649240099114
PWY-6876	0.0	0.0	0.0	0.0	0.0	0.0	0.0	0.0	0.0	0.0	9.33364567066008	0.0	0.0	0.0	0.0	0.0
PWY-6891	151.9537943555186	262.5849016906389	328.2721559254307	160.0334745319121	73.28508827696095	157.29069786775545	259.0107089967368	122.84639706423863	68.15912120829788	310.8691125885747	338.2400677254959	98.62927866289996	646.4507958675065	264.15535418511655	106.50906406851085	472.91344093081244
PWY-6892	3095.457036043158	5241.979398400092	1961.0305874272894	1992.02796821829	2824.791835129893	2682.35592117161	4846.822097135968	4616.376925355125	2501.507657618857	2494.80468260855	3264.7978554314527	2778.7547091014394	3801.92772290114	2910.8994953865495	2082.5463621779513	4662.481947100842
PWY-6895	684.4871574666023	1121.1951306434391	1022.6230432044034	651.2071015953612	338.21589000711924	682.9260978226986	1122.122937617841	570.0681967086098	316.71700756724533	1199.111716638109	1196.339808773521	444.2239423127983	2049.938938164687	1010.7392638790611	456.54111839251425	1710.7557652560354
PWY-6897	10446.786099593908	11471.255842766075	4725.517599423897	5419.535765376603	5359.184219833672	4907.510442410841	9545.465121262921	7092.324727852235	6769.240215643429	4533.84170019579	4820.499212580701	3365.972006724966	5227.006159463883	4715.909059861706	2839.659491005888	4933.567978761435
PWY-6901	891.8415299866932	8292.899937446464	3171.892255999055	3230.3994645550624	4298.000384366266	4594.894108156391	7539.436571999403	7392.891133349828	3514.287274005209	4132.809152193923	2126.3735182871974	3949.48177868186	3983.725760568978	3290.5730554528786	2597.94388649494	5168.51576993239
PWY-6969	2897.070770202537	7193.065093060734	2351.308796476296	2578.2388868017097	3288.323758836071	4082.16465815206	6901.496077909907	5850.7860832367705	2739.6955526809907	4020.3080204356565	2661.149564405699	3037.7842502994213	4363.240502664688	3099.4716846083184	2086.034135321128	4831.898795807413
PWY-7003	4525.7735774542225	2167.277186140654	738.5260045761348	312.36895635298634	756.2768938632086	1825.0568796761613	4480.6975920580135	1423.3834617497685	315.51523487851057	2155.861102885577	3351.4152420895534	679.8149939381054	3597.8691955281242	1659.0256013677688	253.44185051825457	2769.908464915722
PWY-7013	2809.0626727899926	6341.129852528653	745.3145475654968	1785.382980406265	3720.4062236350155	2490.9204356918553	3979.9187262765286	3231.7048116661754	4272.370576654461	1286.1490462566999	260.56313543478785	0.0	1764.8991791489839	2112.131377705157	1408.6461788239094	893.1378519138277
PWY-7090	136.08934941847474	50.489944509076516	53.2005454652979	20.23071973356525	104.1607684387999	144.5382975297918	44.546166024126364	24.948515687799972	3.940463000758062	15.036286437778363	97.04718472299598	45.76735261493411	88.51914944033746	22.428682098976044	7.333195495556515	43.32795777530237
PWY-7111	19472.605546238854	13897.259218599122	5956.031270027012	5007.856598112527	5717.239289230224	8110.601299310227	16786.10121211896	9637.533891908906	4880.4547756548845	9767.275749386039	12899.111230676604	6067.215333342825	10883.579877829341	7450.760565462075	3681.970515191818	13102.489530197752
PWY-7184	9008.828881354879	15147.722859303243	8554.599403222583	10703.606602465787	9538.375599544075	10112.768198358288	12165.341528143304	10410.8092911874	16611.39063118075	8663.763174854263	8854.036797724204	21106.3502240718	6735.114730634937	10400.765137152806	9700.781898202162	23514.61982931077
PWY-7187	11269.206642348501	16487.513648021148	9616.22661752322	11143.146582881891	11377.17441367972	11746.998315716617	14205.87883325817	12233.166454971099	16511.99250510299	9604.726641113213	9690.953508751243	19264.37169429313	8781.27980118491	11094.5327609573	10655.708785254497	22134.212181155068
PWY-7196	11729.598054527627	17019.82619627702	8884.161512549736	9739.455916889232	9828.007658809327	11157.833655596067	14369.267765324068	11701.684082166164	13090.23253787246	9880.102065484092	10586.725129095405	16739.372810130924	8264.757261307814	10100.096031972516	8503.89479433156	20811.99109354803
PWY-7197	8421.137256917187	13545.644446358454	7778.61083282086	9544.515030108578	8578.190602969917	9166.83776243243	11054.438436128674	9431.429247807178	14586.979944950084	7946.307089864252	8326.45978876188	18750.288862145997	6118.3814711224595	9341.818552077713	8717.863912358567	21187.73373182891
PWY-7198	2044.2884804719642	201.035204715125	522.228545631515	128.38555040857437	0.0	200.165667783288	746.2484091668208	470.9521133801106	52.380530879168724	633.3980314256438	136.6856611719802	0.0	195.43399324771516	0.0	0.0	594.8723153389727
PWY-7199	9642.548180950798	10129.32695709784	4252.291787297779	3754.983245837752	4760.77033739013	6773.205685933508	10171.834090117549	7393.522551372682	3961.414875023944	6400.940911504389	6633.887472623238	5278.329906753105	6914.464700274751	4681.305110594397	2817.599033812906	7813.69816251063
PWY-7200	8870.773452724408	12519.65605488422	6454.865318856013	6720.560964633709	7270.807436715655	8648.610011870265	11097.982991832385	9070.374322815309	8320.948670328364	7544.009936379166	7621.303210706348	10857.28616165101	6617.386428616635	7328.275092050815	5575.365114405409	14191.342912207843
PWY-7208	21112.550023832024	25687.64833987505	15469.953776647073	16345.866006858021	19350.883047705527	19875.69344510992	24312.335963165795	20857.13800219173	22868.362728274562	15298.839640429205	15604.67187628342	26840.031373950143	16797.23804582662	16509.677607760117	16740.876243680053	31234.287963396808
PWY-7210	2609.838087101067	285.3197211627173	724.6866995368163	182.4040503447592	0.0	283.1586888011548	1034.1574942497307	657.9494393165493	74.72715639825628	874.0343617966098	193.81217617087498	0.0	274.99639277914014	0.0	0.0	840.7811201240409
PWY-7211	6618.610045174235	5596.3731582620285	2273.085956144726	4165.825817624248	4818.356838495292	5761.118870473084	8784.965508151912	7524.512342710923	6019.788937951409	5115.631015636798	5462.495819570559	8371.825859173856	5268.132313668842	5513.896353034006	4469.375003264704	9513.604885440449
PWY-7219	19176.021044463203	23018.634741659283	13329.164784510782	14089.484530203095	16487.215374089865	17050.60869892253	21640.345545484677	18090.956918112206	19739.30062902959	13521.485748676321	14609.924962554061	23440.007929280793	14958.06841012433	14655.934407253666	14237.52797430869	27859.230204094732
PWY-7220	21916.97588192119	30874.384070402084	16203.539739498603	17399.598372436158	19059.073722213052	18701.812680725303	25646.66594335948	20755.43511751104	25836.152008625442	15995.096765810984	15123.034170621966	23439.136221436547	18814.529056192307	17813.847494543992	15888.227356529973	29397.245910115776
PWY-7221	17841.940645167273	21987.47096378332	12912.103606784187	13775.905096534148	16112.541867753109	16590.23763496563	20397.283106682586	17540.837014104967	19416.526114491444	13255.115516145375	13029.846702751334	23043.302865966492	13937.706296106022	13965.026090866295	13928.053393494563	26727.030685783237
PWY-7222	21916.97588192119	30874.384070402084	16203.539739498603	17399.598372436158	19059.073722213052	18701.812680725303	25646.66594335948	20755.43511751104	25836.152008625442	15995.096765810984	15123.034170621966	23439.136221436547	18814.529056192307	17813.847494543992	15888.227356529973	29397.245910115776
PWY-7228	11064.24607969387	17830.581457474706	9948.962273981486	12058.270874801545	11161.114170747142	11837.073009458183	14441.213781699744	12286.394668715491	18340.10175972532	10189.641073168817	10394.536566531284	23001.056974686093	8162.879091907424	11810.921757813789	11057.800053243604	26043.44390970598
PWY-7229	20237.217468138468	25234.759673315708	14305.586879978637	15295.068470119015	17484.82693722767	17802.03429671385	22942.126208596408	19101.475417932157	21838.73991770966	14382.114168918812	14791.893197601821	24203.773436301006	16109.412299666164	15790.018654925034	15024.884322748105	29075.93730013286
PWY-7234	14239.497863991646	18356.27634413875	9362.452646122174	11148.12883516218	9489.627491986981	11253.493211477178	14901.84303242089	11356.888142411348	16815.818537777457	10785.60746100716	11933.66595579345	21768.64566523786	7698.340405309925	11566.033383711056	9304.477110801503	25358.25521577551
PWY-7237	612.5	1771.33	379.0	428.67	737.83	508.49999999999994	1059.67	1385.67	495.33000000000004	665.3299999999999	286.5	629.5	673.5	432.0	339.33	769.5
PWY-7242	7508.26972585567	8266.348936243843	2662.0075015415223	1863.6726586676334	2557.6290968516087	3286.6834076778127	6962.833207016485	4356.191209953557	2255.356841137099	4198.746326100544	4662.874728297124	1891.8575231638315	5199.190327874006	2860.3761699947986	1627.204225799633	4801.786475621878
PWY-7254	9.981243656611964	1472.6243412603237	331.039100360658	493.4956534822869	962.9705468602981	546.7000249654369	1823.7773733139006	1388.8908225448934	996.8526213607972	59.45152599627119	1822.12079882017	1030.8135837509187	1850.8162959949743	1638.2820051497447	839.8122126017553	2546.795765398377
PWY-7315	2286.8791734432543	5924.508209296421	1068.1543951819706	121.43661624014959	407.6007720726081	919.4228634729288	1704.7514918884885	734.0509199126743	315.005554471645	929.8061085774364	1842.6651118787204	225.31656474700358	2485.9401397568545	1191.679447682659	111.40392015459189	745.4191583885215
PWY-7323	2870.661090461466	6258.44535707529	2072.6525073793705	2149.16470266281	3162.196770755909	3877.5280346715285	5955.147408223303	5156.346485189094	3101.0470627046707	3400.836515474207	3198.863662857911	3600.8870986958996	4239.327546053188	3355.6295045409256	2322.4738725954444	5313.293763223942
PWY-7328	173.52788938084475	3955.217914776445	1150.4551759023768	1133.808916273321	1762.0142636748724	1702.979327906921	3319.1954094997664	3080.1155212401063	1435.782997671454	1776.9276492305203	1211.530604380682	1578.467280860098	2723.4385178829325	1555.5211336333155	871.7320242461338	2024.8250933225702
PWY-7332	2239.8808281183337	404.97730775262744	287.28353732812866	76.566345008776	524.7011705643994	1375.704103894981	204.20788927701528	93.9582009626213	52.360554121898566	41.84862740277546	496.0127142101859	163.30320344516468	494.85347597767924	145.47870326947822	66.18327251206766	311.2445863805115
PWY-7371	1444.0	864.33	252.33	418.00000000000006	604.0	638.0	1394.5	1421.4999999999998	749.1699999999998	906.6700000000001	1151.33	1115.0	1366.0	1054.17	635.33	1502.0
PWY-7373	0.0	761.4076385862845	188.36837423473395	307.1020408163265	498.4429022082019	264.5701943844493	1119.8950520461997	1019.0229305578142	640.8645995301817	0.0	1053.696834662098	820.6830052229811	1158.5892381459776	965.9088295249201	548.9937019824631	1419.9457574583494
PWY-7374	1226.823968765914	425.23140052596176	180.37033271091494	313.5	372.9755080771235	572.9779544633176	910.2500272657869	1059.3872143898884	422.2137263953	862.4563292577556	518.6849918400329	759.6898197242842	768.4578079534433	472.0243316509704	333.0285622960106	447.5615090213231
PWY-7377	2090.9553495841415	2745.9161840885163	518.8050052549546	712.6676589611025	1131.8119688149613	1099.3066772556797	2297.6901917161513	1405.3565895809372	1024.4966745819677	850.0830330483489	14.940885468266497	0.0	1006.1687106740536	979.5098607574726	444.1163035752739	541.3239234392319
PWY-7392	10640.442465364746	11685.283309405304	4459.2891710698	3950.7312226339163	5131.513675398214	6697.3757498277155	10951.270688281951	7932.24111284217	4528.060310079995	6522.716046016315	7802.177083776365	5386.161272241957	7862.764903021984	6108.001293968204	3413.7747207376515	8996.85610365215
PWY-7400	11909.533942896855	12289.113211452837	4779.139605137522	4407.249620347408	4777.715450408075	5536.818648121997	10778.326097796702	7086.017408105989	5470.9895369194255	6207.880839543397	8449.449567754073	3821.3710514648114	7320.365851885112	6592.128864264801	3172.7125962546074	8873.687746232623
PWY-7431	9.887670258162387	0.0	50.731902432055996	0.0	0.0	15.887901069750543	201.85859833281876	7.328165381298763	0.0	11.910208169692874	15.982643267621828	0.0	0.0	7.340180898359651	0.0	4.225098104407441
PWY-7456	15.905451338961699	1621.039600319683	378.766329273669	337.495650490961	752.5216224557951	995.3304184072523	1733.980578658699	1318.6170347507098	529.6110399363203	842.7111920215689	423.1868061988319	824.1934039997691	455.77533354146635	449.88178802769977	464.94725938605524	694.9637274935798
PWY-7539	8436.096324824977	13296.303331635427	4468.140498963027	5498.534504012632	5651.567826373529	5442.990407487218	10380.30883312427	8378.461217253605	7081.38170679697	4689.840146908932	5074.399235739544	3240.5805473720775	5933.926995808154	5342.601906629923	3121.305747357456	6018.823845992703
PWY-7560	10430.2737098258	10637.26242969115	3784.36049694287	3351.599106224723	4457.9846416237615	5937.361252837118	9982.072589045532	7087.981432710928	3767.54725624236	5882.346415604225	7427.515748894256	4446.768550365804	7233.1161063951895	5360.291405679917	2832.0509859266026	7551.813440411732
PWY-7663	18679.706214774335	22543.37545504013	10570.859185726114	12515.454162907452	11839.43400740982	13810.192139961599	19643.310539963677	14643.795152171957	19395.937101863205	13174.710831574916	14408.82069466901	23774.880903522386	12347.13135330327	13490.122517069773	10680.027027636577	28063.606079903147
PWY-7664	15.18268498573813	1584.2657381079855	0.0	34.93452758402711	104.36951194290754	171.21398391454986	128.91447191949126	432.1082914409596	41.93785449389638	125.16936818789857	132.16101050164258	236.36434493144824	173.33519895670486	178.0484425692475	131.86723341362813	69.8793486492115
PWY-841	13030.123062494564	18259.98091805389	9675.051870156654	11262.034183014563	10339.05979779492	11833.807494003477	15402.385255981791	12211.509596551112	17053.526083176224	10768.811015227828	11719.526355219567	22586.90342499938	9063.47869824314	11941.388098739817	10322.135090426154	26190.741257986054
PWY-922	7700.968265729541	11856.84203363231	8218.155537988201	8536.238689434624	10687.845268259722	9793.000220925038	10434.37488624824	10008.466163350622	11530.634387232683	6225.89704545906	5463.18088672896	2316.1722759007744	7011.197106738617	7622.416657155079	8454.095674993005	8224.050300664265
PWY0-1061	176.8673148168539	36.93779292517671	95.41463044783784	139.8966087925589	8.995144758748443	157.90324715377218	432.8056052918362	218.0782625164285	4.499251407144922	340.95205211966976	59.11693760303074	0.0	146.32275877508607	393.0679966232573	15.736669625786455	81.3839660754227
PWY0-1241	127.7285768144797	812.7015970134181	281.2438482497898	231.1900114738551	431.64627860586853	205.50525651578113	1031.6925164298136	690.2251588190379	513.0929495050048	112.79536795742975	1168.841383436471	576.6311108255319	1263.9869305158816	1004.8057936067311	436.0993356521814	1572.9940346662383
PWY0-1261	978.2469731722563	801.6933742487626	1652.2824749209303	2870.6475403984077	2833.4257716037787	4710.181558147608	6430.143560788868	3747.025430000403	2539.0973331930427	2224.279695700543	738.418007207745	3177.259313260849	687.6801383483047	481.3456125879553	1928.2244023551887	2647.2005238649267
PWY0-1296	14308.924970713513	14894.792968711829	7683.926501397174	8953.3705663372	7396.217836101112	9204.92475936278	12226.312425965489	8181.620300763741	13515.233484900484	9137.996973902984	10768.348057797779	18953.915410030375	6912.515797352211	8988.07173294995	7421.306493377923	21551.463684226364
PWY0-1297	14721.5301291235	15108.894088303276	8590.885635743472	9787.14226368726	9283.914461713855	10443.996703156665	13089.034944412975	9485.285674634973	14330.1452350983	9387.780726238416	10029.988122926543	18757.483645881228	7492.651742244139	9395.837592977905	8845.667902026218	21513.43384950797
PWY0-1298	13723.27038279942	13757.721626790928	8448.463583327859	9789.38659796776	8245.487399076766	9717.609003732101	12492.888701792102	8874.978859264462	14294.58100770777	9051.733800618069	9742.070185302582	18486.75542252347	7229.542237315281	9101.508169688073	8000.785748097985	21281.72957254428
PWY0-1319	20008.41748245212	23008.915674526816	13413.168380570783	14236.999696957719	16517.09361553846	17302.41347985709	22288.743234383834	18068.96586891914	19664.699144813207	13696.521415587567	15170.483319963421	23435.678823656846	15134.36133522901	14476.171153488787	14161.372114834165	27961.581837004836
PWY0-1338	85.05604200082881	21.50013668105269	0.0	15.803108808290155	9.129089301503095	0.0	22.745404806789267	4.08199103790723	8.291401844482584	39.7089656425804	161.81383120636755	16.363323288850626	223.76370660076304	114.71706236253073	17.87787322962619	48.44246274126557
PWY0-1415	128.32637130784352	199.7675053810657	199.2384203496962	229.36260533573747	348.47646387257714	573.9896978584928	1024.20636812976	449.9028790600371	184.9652073271277	282.91823182183197	123.79708731665602	276.2640160444631	133.11643250288324	114.19027532259638	150.84990780846994	431.9630689498673
PWY0-1479	202.19248833526447	215.35152709177	206.04186861585237	127.71014683777909	145.50058232200726	88.96551163508964	91.16728065883935	97.50447863728972	25.243906963155627	190.35590733886679	79.33831956707513	54.99188269064204	217.50263845946597	134.41740269113163	61.92693540789799	158.49046023022112
PWY0-1533	5.915267990235261	0.0	0.0	0.0	12.421057294564658	28.355122816692983	7.106838654731994	0.0	0.0	0.0	0.0	0.0	0.0	0.0	0.0	0.0
PWY0-1586	18758.02648628215	23576.801563800032	13303.457434989688	14002.826212681739	15543.892621147272	15908.707752895523	20460.448176919872	16043.02133646029	19239.432206115853	12449.989871729533	14299.213766851073	19656.68787224411	13770.973050671728	13765.90243265298	12596.307015737208	25051.899712516584
PWY0-162	13328.037417508114	19612.698858696855	10915.10202891634	12465.221347857718	12429.409898733755	13169.54802011621	16528.048950359294	13792.75380763591	18372.545302375245	11113.954954853138	12015.158126537726	22288.236587554697	9899.698414213002	12675.777662585404	11892.802656340607	26186.362378071386
PWY0-166	11142.489493456105	16551.66591811988	9731.529646993667	11393.05185096229	11550.4182853664	11936.165512989694	14284.72473041835	12385.59285983558	16958.154471870286	9707.63351361776	9679.486381042028	20208.090070295126	8752.183094112761	11290.4036631493	10917.083106855638	22935.592498229566
PWY0-41	0.0	0.0	0.0	0.0	2.236963618543718	8.176253572059801	0.0	3.2036560728035273	0.8039778448812661	0.0	0.0	0.0	0.0	0.0	0.0	0.0
PWY0-42	0.0	562.9718804920914	107.0	172.91061452513966	329.8366716511123	100.37471206778265	707.0777323950599	552.9625241948609	447.96423600209323	0.0	856.9176882661995	459.5779500430663	816.2292743865287	783.2088823816496	392.1514543630893	1239.2966830466833
PWY0-781	627.7391048642285	4761.814660559369	1835.8645859113667	1788.6283344861138	2572.849983572315	2368.3291921227806	5474.759941954381	4132.54597944761	2697.154951729622	2116.2900539944444	4439.414623918743	2661.6604637717724	4615.007517042029	4518.600758888285	1990.8404328310787	6363.520557708515
PWY0-845	10.74425355377863	3690.1652988583555	1038.7289984137276	1511.8030119814869	1929.0170566655202	2099.500944721444	3325.1645023100355	3368.162721499386	1686.3412383282691	1665.8952600122884	742.9999674646082	2000.7303510656943	1506.026721702555	1149.193718731645	1170.030495725068	2426.197180394662
PWY0-862	144.2586854324371	1370.8075853643393	0.0	29.95485246522438	89.55871337017221	146.9774677564398	110.58789628633521	371.76936000289015	35.956987568566014	107.41298635571745	113.40185659300646	202.8396914311964	148.79490305241944	152.8656529020981	113.19449811926481	59.91460170651494
PWY490-3	2458.870211011019	531.6876399920324	507.3528564312909	91.67939400954576	184.33850934420374	242.95700343899387	435.61938886926185	85.38462729419697	61.435284757333875	375.94318297214915	792.0278033071002	99.60548051482891	840.2968989564505	517.4982167185661	38.963842919951645	132.55250238038562
PWY4FS-7	17572.52383048807	21159.50629219163	12381.098614203645	13065.798445645307	15244.700391780183	15576.09090919283	19822.45922547696	16351.058836304524	18283.10026342626	12197.215530138435	13792.985428170907	21622.960518796135	13811.267070286045	13538.779867735273	13149.921845022178	25961.090189054383
PWY4FS-8	17572.52383048807	21159.50629219163	12381.098614203647	13065.798445645307	15244.700391780183	15576.09090919283	19822.45922547696	16351.058836304524	18283.10026342626	12197.215530138435	13792.985428170907	21622.960518796135	13811.267070286043	13538.779867735273	13149.921845022178	25961.090189054383
PWYG-321	12.074600247258221	1629.9971900497833	0.0	36.27240005443348	108.29551742221506	177.54241374213726	133.83017851418566	447.66157439651874	43.53986159358306	129.80343578032105	136.78194238704538	244.79282831901398	179.56744917888838	184.3619211933923	136.56083317667526	72.54403854263715
PYRIDNUCSAL-PWY	9329.150981745473	9598.691540245158	3264.761980722855	2547.531244681744	2846.26022044242	4232.649652312168	8281.375682316344	5621.143617080407	2322.3560994856457	4842.1672724185055	6228.419710695112	2505.4752904079705	5701.215091338393	3653.250248270889	1451.3688024086837	5280.592588809819
PYRIDNUCSYN-PWY	7264.308571762246	5711.113013859868	2456.586580088147	3141.339117554842	3658.727304867835	4563.958373286649	8050.06118074774	6163.908652772198	3519.084592171654	4564.935141404992	5674.498921027267	4516.76672411745	4979.259887615577	4145.342563525234	2808.2847399916895	7091.373873062977
PYRIDOXSYN-PWY	8.546552612470117	2790.2661397442002	742.9520730091157	1076.706988969597	1403.1740905056472	1536.3293550979101	2488.3901487737076	2586.7279702333262	1220.2769141308613	1230.5594831158548	556.6390262341482	1412.7199616143137	1174.7127330150697	858.7693515896342	852.6755393901863	1727.984414034678
REDCITCYC	241.28948444850224	1752.0932337103886	391.72742461136795	712.8167903357784	1154.4585739121853	1708.2684075355294	2174.5891829886978	1647.6753954746782	1197.4513605285063	558.8138209158193	2374.1601901127196	1228.4418955322346	2256.623405094202	2031.9199346762323	1013.6485264369863	3184.3660939032443
RHAMCAT-PWY	1747.808262249639	2875.237823143536	801.5122957687586	959.1592403849088	1056.7000109932396	1125.582954364651	3001.9808682506787	2324.6030226262956	772.760304534701	1703.5263723209084	966.845663182388	1017.0778402749711	1399.596058645894	934.0692226144619	554.9258199745534	2247.9436546560623
RIBOSYN2-PWY	9078.684426085321	6829.726246654617	3383.7286333915094	3505.2770193896467	4425.262671300694	5143.6017681723815	9379.223714469113	6769.795597597931	4112.293357449463	5121.127846020708	6320.783570524365	4293.415559462873	6015.126539966626	4397.453365773558	3082.7919226558615	7485.243020598461
RUMP-PWY	1657.2920543821679	464.70276368275336	342.8748244571786	93.25839504032776	131.1478904373529	201.91489313549533	371.64954968523296	0.0	53.88579576441066	432.20630815058183	427.52476690665156	28.471451331177214	1034.8943545024636	972.106759592162	77.65654054047984	281.0064504570281
SALVADEHYPOX-PWY	6124.726272470251	1460.0509473148823	2300.9797423547166	451.6548398245219	408.9756352111197	1501.6768187096836	3699.158899483857	1895.8734855424846	326.4548584362371	2634.3521996098084	1684.6055115774195	82.01601676986333	3302.4840002643737	878.7074853057483	206.07011768020567	2491.261809131248
SER-GLYSYN-PWY	14229.892767260062	11997.61024242673	6902.704609366568	6689.86680718409	6185.385476323461	8966.610597461711	12399.517934731452	8197.997638814855	8787.888992819906	9337.123224405	10329.678542233669	6503.283913574063	8180.800671940494	7972.167041423438	4483.920541849954	11920.626393214217
SO4ASSIM-PWY	72.20390299728695	190.80944230742273	277.33151969277475	379.8797536881808	382.4782424947195	670.040808185769	1184.6225593230693	506.5314676312674	359.5593436415978	365.9392333623856	206.10091096643424	571.7479483164544	501.5923223995801	95.68608875715545	263.34773983102303	480.84062023897746
SULFATE-CYS-PWY	160.32857375786017	417.46823403105054	565.2265406829559	748.6469249141542	772.1440932606379	1303.1286336118487	2295.61781557301	1038.3017683717615	733.6383084852785	761.938258025127	445.69318117734775	1120.850596398856	1022.8109887174301	210.5291632514044	534.456900533539	1009.839931842471
TCA	1321.018462286991	6186.915534020602	1950.260461976721	2156.4457330589507	2790.2549140355522	3349.644656903695	5771.984880948458	4944.782744896291	2243.8234001389196	3176.065339311364	2124.4655819554173	2532.8003616186525	3521.319382275979	2543.6322589581287	1685.8955852603422	4079.9983805392803
TCA-GLYOX-BYPASS	11.915910201824047	0.0	0.0	43.25397512984798	0.0	0.0	0.0	0.0	0.0	0.0	0.0	0.0	0.0	0.0	0.0	0.0
TEICHOICACID-PWY	3642.9400707454333	5905.203291460874	5646.016486042093	4778.3154620376245	8433.368506649807	7064.816145244205	7069.4014606169885	7871.786780614617	5292.687425725916	2899.632397234628	479.2859461452304	83.76060996332978	5378.239088668641	4518.692093624826	6612.9438813334555	571.2134262297538
THISYN-PWY	4776.2556020109405	5938.223971275483	2124.883431413049	2588.8529874187984	3350.9269079087353	3740.868640782824	6239.733373702834	5901.420334980992	3299.9548029825746	3693.3122275598166	3257.0362570261473	3386.431353006699	4328.204781391489	3322.7899825585364	2447.11162290601	4889.444529587277
THRESYN-PWY	12610.465211628925	14719.866942858616	7461.229854478417	9252.130384842456	7769.145066698942	9330.947773087764	13805.436626998115	9733.534879549983	14732.417784283825	9141.694876369185	10468.808276457543	19778.2821668262	9301.284300838899	10243.720062064978	8011.388126167836	22800.276460474073
TRNA-CHARGING-PWY	15791.481458772769	18315.76744404052	9240.721876541473	9387.00467849062	11594.340763666829	12796.199077342655	17592.695772693303	14211.416703709092	12426.81516952242	10745.430841280748	12149.625271336572	15173.008459622888	12374.46072523426	11542.707705671857	9241.083608438803	20477.28897973678
TRPSYN-PWY	7771.915530014162	8382.600833229297	3053.837231488594	2605.665366438414	3155.4285263844336	4120.50239640066	7995.851543769034	4996.312260888422	2927.986952098699	4206.852546451201	7093.017475451716	3397.559628193293	5718.501115567453	4032.0706032466355	2240.255178391661	7013.70060332361
TYRFUMCAT-PWY	0.0	24.28125	88.91891891891892	103.07331975560082	89.8876404494382	33.446088794926006	14.784688995215312	71.74311926605505	39.89495798319328	54.10810810810811	31.012658227848103	30.41871921182266	15.717884130982366	30.650422102839595	57.603092783505154	31.80434782608696
UBISYN-PWY	24.662288210848896	80.38383176359301	156.15346741080688	51.41848340143614	0.0	40.29810927627061	31.043844509845023	0.0	20.662643399168335	85.80955060506184	75.6920612285127	14.343382359657447	132.53472806110634	11.17191194710458	31.586490249751083	70.95233078199584
UDPNAGSYN-PWY	12008.491457005533	17621.65932347673	10521.462090920264	11175.846507587412	13236.800996849168	13083.28421439143	15409.08260130942	13497.610483281293	16232.683933990449	9822.451654577542	10479.899609721444	19075.893958504403	11152.054796267887	11889.460341665686	11669.702177865358	22183.503657798403
VALSYN-PWY	15207.70165364152	10974.0408048939	4980.422954164152	4402.656485441125	4809.4447154055	7041.470746164423	13642.479051762233	7819.239395886836	4492.695013537703	8424.18535960752	11428.37271342095	5815.473109369269	8764.674002983216	6512.830633498804	3365.1498444012436	12089.681377553445
